customer_id,customer_name,email,active,total_rentals,total_spent,days_since_last_rental,churn_status
428,"HERBERT KRUGER",HERBERT.KRUGER@sakilacustomer.org,1,20,78.80,181,"Likely Churned"
326,"JOSE ANDREW",JOSE.ANDREW@sakilacustomer.org,1,25,96.75,179,"Likely Churned"
483,"VERNON CHAPA",VERNON.CHAPA@sakilacustomer.org,1,18,88.82,179,"Likely Churned"
485,"CLYDE TOBIAS",CLYDE.TOBIAS@sakilacustomer.org,1,29,115.71,179,"Likely Churned"
498,"GENE SANBORN",GENE.SANBORN@sakilacustomer.org,1,27,97.73,179,"Likely Churned"
573,"BYRON BOX",BYRON.BOX@sakilacustomer.org,1,29,120.71,179,"Likely Churned"
18,"CAROL GARCIA",CAROL.GARCIA@sakilacustomer.org,1,22,91.78,178,"Likely Churned"
85,"ANNE POWELL",ANNE.POWELL@sakilacustomer.org,1,23,87.77,178,"Likely Churned"
164,"JOANN GARDNER",JOANN.GARDNER@sakilacustomer.org,1,16,66.84,178,"Likely Churned"
183,"IDA ANDREWS",IDA.ANDREWS@sakilacustomer.org,1,23,76.77,178,"Likely Churned"
239,"MINNIE ROMERO",MINNIE.ROMERO@sakilacustomer.org,1,34,142.66,178,"Likely Churned"
272,"KAY CALDWELL",KAY.CALDWELL@sakilacustomer.org,1,20,98.80,178,"Likely Churned"
290,"KRISTINA CHAMBERS",KRISTINA.CHAMBERS@sakilacustomer.org,1,28,109.72,178,"Likely Churned"
358,"SAMUEL MARLOW",SAMUEL.MARLOW@sakilacustomer.org,1,21,80.79,178,"Likely Churned"
572,"SIDNEY BURLESON",SIDNEY.BURLESON@sakilacustomer.org,1,25,108.75,178,"Likely Churned"
591,"KENT ARSENAULT",KENT.ARSENAULT@sakilacustomer.org,1,27,134.73,178,"Likely Churned"
7,"MARIA MILLER",MARIA.MILLER@sakilacustomer.org,1,33,151.67,177,"Likely Churned"
16,"SANDRA MARTIN",SANDRA.MARTIN@sakilacustomer.org,0,28,118.72,177,"Inactive (Churned)"
32,"AMY LOPEZ",AMY.LOPEZ@sakilacustomer.org,1,29,127.71,177,"Likely Churned"
34,"REBECCA SCOTT",REBECCA.SCOTT@sakilacustomer.org,1,24,89.76,177,"Likely Churned"
35,"VIRGINIA GREEN",VIRGINIA.GREEN@sakilacustomer.org,1,32,129.68,177,"Likely Churned"
49,"JOYCE EDWARDS",JOYCE.EDWARDS@sakilacustomer.org,1,28,130.72,177,"Likely Churned"
65,"ROSE HOWARD",ROSE.HOWARD@sakilacustomer.org,1,22,103.78,177,"Likely Churned"
79,"RACHEL BARNES",RACHEL.BARNES@sakilacustomer.org,1,22,84.78,177,"Likely Churned"
95,"PAULA BRYANT",PAULA.BRYANT@sakilacustomer.org,1,18,77.82,177,"Likely Churned"
122,"THELMA MURRAY",THELMA.MURRAY@sakilacustomer.org,1,32,126.68,177,"Likely Churned"
145,"LUCILLE HOLMES",LUCILLE.HOLMES@sakilacustomer.org,1,28,108.72,177,"Likely Churned"
150,"DANIELLE DANIELS",DANIELLE.DANIELS@sakilacustomer.org,1,25,105.75,177,"Likely Churned"
185,"ROBERTA HARPER",ROBERTA.HARPER@sakilacustomer.org,1,23,84.77,177,"Likely Churned"
222,"DELORES HANSEN",DELORES.HANSEN@sakilacustomer.org,1,21,91.79,177,"Likely Churned"
225,"ARLENE HARVEY",ARLENE.HARVEY@sakilacustomer.org,1,26,120.74,177,"Likely Churned"
230,"JOY GEORGE",JOY.GEORGE@sakilacustomer.org,1,33,124.67,177,"Likely Churned"
243,"LYDIA BURKE",LYDIA.BURKE@sakilacustomer.org,1,24,82.76,177,"Likely Churned"
255,"IRMA PEARSON",IRMA.PEARSON@sakilacustomer.org,1,18,70.82,177,"Likely Churned"
260,"CHRISTY VARGAS",CHRISTY.VARGAS@sakilacustomer.org,1,31,122.69,177,"Likely Churned"
281,"LEONA OBRIEN",LEONA.OBRIEN@sakilacustomer.org,1,14,50.86,177,"Likely Churned"
318,"BRIAN WYMAN",BRIAN.WYMAN@sakilacustomer.org,1,12,52.88,177,"Likely Churned"
339,"WALTER PERRYMAN",WALTER.PERRYMAN@sakilacustomer.org,1,30,127.70,177,"Likely Churned"
365,"BRUCE SCHWARZ",BRUCE.SCHWARZ@sakilacustomer.org,1,23,103.77,177,"Likely Churned"
367,"ADAM GOOCH",ADAM.GOOCH@sakilacustomer.org,1,22,101.78,177,"Likely Churned"
391,"CLARENCE GAMEZ",CLARENCE.GAMEZ@sakilacustomer.org,1,30,104.70,177,"Likely Churned"
392,"SEAN DOUGLASS",SEAN.DOUGLASS@sakilacustomer.org,1,23,91.77,177,"Likely Churned"
406,"NATHAN RUNYON",NATHAN.RUNYON@sakilacustomer.org,0,32,122.68,177,"Inactive (Churned)"
409,"RODNEY MOELLER",RODNEY.MOELLER@sakilacustomer.org,1,23,104.77,177,"Likely Churned"
429,"FREDERICK ISBELL",FREDERICK.ISBELL@sakilacustomer.org,1,21,105.79,177,"Likely Churned"
470,"GORDON ALLARD",GORDON.ALLARD@sakilacustomer.org,1,32,160.68,177,"Likely Churned"
481,"HERMAN DEVORE",HERMAN.DEVORE@sakilacustomer.org,1,29,115.71,177,"Likely Churned"
486,"GLEN TALBERT",GLEN.TALBERT@sakilacustomer.org,1,26,113.74,177,"Likely Churned"
549,"NELSON CHRISTENSON",NELSON.CHRISTENSON@sakilacustomer.org,1,20,77.80,177,"Likely Churned"
558,"JIMMIE EGGLESTON",JIMMIE.EGGLESTON@sakilacustomer.org,0,28,135.72,177,"Inactive (Churned)"
566,"CASEY MENA",CASEY.MENA@sakilacustomer.org,1,34,141.66,177,"Likely Churned"
583,"MARSHALL THORN",MARSHALL.THORN@sakilacustomer.org,1,23,117.77,177,"Likely Churned"
593,"RENE MCALISTER",RENE.MCALISTER@sakilacustomer.org,1,26,113.74,177,"Likely Churned"
1,"MARY SMITH",MARY.SMITH@sakilacustomer.org,1,32,118.68,176,"Likely Churned"
10,"DOROTHY TAYLOR",DOROTHY.TAYLOR@sakilacustomer.org,1,25,99.75,176,"Likely Churned"
13,"KAREN JACKSON",KAREN.JACKSON@sakilacustomer.org,1,27,131.73,176,"Likely Churned"
24,"KIMBERLY LEE",KIMBERLY.LEE@sakilacustomer.org,1,25,95.75,176,"Likely Churned"
27,"SHIRLEY ALLEN",SHIRLEY.ALLEN@sakilacustomer.org,1,31,126.69,176,"Likely Churned"
39,"DEBRA NELSON",DEBRA.NELSON@sakilacustomer.org,1,29,141.71,176,"Likely Churned"
40,"AMANDA CARTER",AMANDA.CARTER@sakilacustomer.org,1,27,110.73,176,"Likely Churned"
48,"ANN EVANS",ANN.EVANS@sakilacustomer.org,1,17,76.83,176,"Likely Churned"
51,"ALICE STEWART",ALICE.STEWART@sakilacustomer.org,1,33,138.67,176,"Likely Churned"
55,"DORIS REED",DORIS.REED@sakilacustomer.org,1,22,100.78,176,"Likely Churned"
63,"ASHLEY RICHARDSON",ASHLEY.RICHARDSON@sakilacustomer.org,1,25,112.75,176,"Likely Churned"
67,"KELLY TORRES",KELLY.TORRES@sakilacustomer.org,1,22,99.78,176,"Likely Churned"
72,"THERESA WATSON",THERESA.WATSON@sakilacustomer.org,1,30,99.70,176,"Likely Churned"
77,"JANE BENNETT",JANE.BENNETT@sakilacustomer.org,1,28,100.72,176,"Likely Churned"
84,"SARA PERRY",SARA.PERRY@sakilacustomer.org,1,33,141.67,176,"Likely Churned"
92,"TINA SIMMONS",TINA.SIMMONS@sakilacustomer.org,1,28,133.72,176,"Likely Churned"
97,"ANNIE RUSSELL",ANNIE.RUSSELL@sakilacustomer.org,1,18,58.82,176,"Likely Churned"
104,"RITA GRAHAM",RITA.GRAHAM@sakilacustomer.org,1,24,92.76,176,"Likely Churned"
106,"CONNIE WALLACE",CONNIE.WALLACE@sakilacustomer.org,1,23,100.77,176,"Likely Churned"
110,"TIFFANY JORDAN",TIFFANY.JORDAN@sakilacustomer.org,1,14,59.86,176,"Likely Churned"
116,"VICTORIA GIBSON",VICTORIA.GIBSON@sakilacustomer.org,1,27,111.73,176,"Likely Churned"
125,"ETHEL WEBB",ETHEL.WEBB@sakilacustomer.org,1,32,135.68,176,"Likely Churned"
129,"CARRIE PORTER",CARRIE.PORTER@sakilacustomer.org,1,34,124.66,176,"Likely Churned"
156,"BERTHA FERGUSON",BERTHA.FERGUSON@sakilacustomer.org,1,25,101.75,176,"Likely Churned"
157,"DARLENE ROSE",DARLENE.ROSE@sakilacustomer.org,1,31,113.69,176,"Likely Churned"
159,"JILL HAWKINS",JILL.HAWKINS@sakilacustomer.org,1,21,68.79,176,"Likely Churned"
161,"GERALDINE PERKINS",GERALDINE.PERKINS@sakilacustomer.org,1,30,112.70,176,"Likely Churned"
177,"SAMANTHA DUNCAN",SAMANTHA.DUNCAN@sakilacustomer.org,1,23,71.77,176,"Likely Churned"
182,"RENEE LANE",RENEE.LANE@sakilacustomer.org,1,26,97.74,176,"Likely Churned"
204,"ROSEMARY SCHMIDT",ROSEMARY.SCHMIDT@sakilacustomer.org,1,35,147.65,176,"Likely Churned"
205,"EILEEN CARR",EILEEN.CARR@sakilacustomer.org,1,18,80.82,176,"Likely Churned"
217,"AGNES BISHOP",AGNES.BISHOP@sakilacustomer.org,1,23,98.77,176,"Likely Churned"
221,"BESSIE MORRISON",BESSIE.MORRISON@sakilacustomer.org,1,28,132.72,176,"Likely Churned"
231,"GEORGIA JACOBS",GEORGIA.JACOBS@sakilacustomer.org,1,26,110.74,176,"Likely Churned"
235,"JACKIE LYNCH",JACKIE.LYNCH@sakilacustomer.org,1,25,93.75,176,"Likely Churned"
242,"GLENDA FRAZIER",GLENDA.FRAZIER@sakilacustomer.org,1,32,140.68,176,"Likely Churned"
248,"CAROLINE BOWMAN",CAROLINE.BOWMAN@sakilacustomer.org,1,15,50.85,176,"Likely Churned"
249,"DORA MEDINA",DORA.MEDINA@sakilacustomer.org,1,23,107.77,176,"Likely Churned"
250,"JO FOWLER",JO.FOWLER@sakilacustomer.org,1,20,73.80,176,"Likely Churned"
253,"TERRY CARLSON",TERRY.CARLSON@sakilacustomer.org,1,29,127.71,176,"Likely Churned"
258,"MYRTLE FLEMING",MYRTLE.FLEMING@sakilacustomer.org,1,24,110.76,176,"Likely Churned"
261,"DEANNA BYRD",DEANNA.BYRD@sakilacustomer.org,1,26,107.74,176,"Likely Churned"
265,"JENNIE TERRY",JENNIE.TERRY@sakilacustomer.org,1,29,133.71,176,"Likely Churned"
266,"NORA HERRERA",NORA.HERRERA@sakilacustomer.org,1,28,118.72,176,"Likely Churned"
268,"NINA SOTO",NINA.SOTO@sakilacustomer.org,1,29,123.71,176,"Likely Churned"
271,"PENNY NEAL",PENNY.NEAL@sakilacustomer.org,0,18,68.82,176,"Inactive (Churned)"
277,"OLGA JIMENEZ",OLGA.JIMENEZ@sakilacustomer.org,1,32,144.68,176,"Likely Churned"
288,"BOBBIE CRAIG",BOBBIE.CRAIG@sakilacustomer.org,1,24,80.76,176,"Likely Churned"
289,"VIOLET RODRIQUEZ",VIOLET.RODRIQUEZ@sakilacustomer.org,1,30,142.70,176,"Likely Churned"
292,"MISTY LAMBERT",MISTY.LAMBERT@sakilacustomer.org,1,27,118.73,176,"Likely Churned"
299,"JAMES GANNON",JAMES.GANNON@sakilacustomer.org,1,30,131.70,176,"Likely Churned"
301,"ROBERT BAUGHMAN",ROBERT.BAUGHMAN@sakilacustomer.org,1,21,92.79,176,"Likely Churned"
304,"DAVID ROYAL",DAVID.ROYAL@sakilacustomer.org,1,26,115.74,176,"Likely Churned"
309,"CHRISTOPHER GRECO",CHRISTOPHER.GRECO@sakilacustomer.org,1,31,147.69,176,"Likely Churned"
310,"DANIEL CABRAL",DANIEL.CABRAL@sakilacustomer.org,1,20,97.80,176,"Likely Churned"
319,"RONALD WEINER",RONALD.WEINER@sakilacustomer.org,1,30,132.70,176,"Likely Churned"
320,"ANTHONY SCHWAB",ANTHONY.SCHWAB@sakilacustomer.org,1,20,71.80,176,"Likely Churned"
325,"TIMOTHY BUNN",TIMOTHY.BUNN@sakilacustomer.org,1,22,91.78,176,"Likely Churned"
329,"FRANK WAGGONER",FRANK.WAGGONER@sakilacustomer.org,1,32,127.68,176,"Likely Churned"
332,"STEPHEN QUALLS",STEPHEN.QUALLS@sakilacustomer.org,1,28,118.72,176,"Likely Churned"
333,"ANDREW PURDY",ANDREW.PURDY@sakilacustomer.org,1,27,109.73,176,"Likely Churned"
338,"DENNIS GILMAN",DENNIS.GILMAN@sakilacustomer.org,1,28,114.72,176,"Likely Churned"
340,"PATRICK NEWSOM",PATRICK.NEWSOM@sakilacustomer.org,1,31,119.69,176,"Likely Churned"
344,"HENRY BILLINGSLEY",HENRY.BILLINGSLEY@sakilacustomer.org,1,18,73.82,176,"Likely Churned"
360,"RALPH MADRIGAL",RALPH.MADRIGAL@sakilacustomer.org,1,34,150.66,176,"Likely Churned"
362,"NICHOLAS BARFIELD",NICHOLAS.BARFIELD@sakilacustomer.org,1,32,145.68,176,"Likely Churned"
363,"ROY WHITING",ROY.WHITING@sakilacustomer.org,1,29,143.71,176,"Likely Churned"
364,"BENJAMIN VARNEY",BENJAMIN.VARNEY@sakilacustomer.org,1,23,95.77,176,"Likely Churned"
376,"RANDY GAITHER",RANDY.GAITHER@sakilacustomer.org,1,28,110.72,176,"Likely Churned"
378,"EUGENE CULPEPPER",EUGENE.CULPEPPER@sakilacustomer.org,1,19,71.81,176,"Likely Churned"
384,"ERNEST STEPP",ERNEST.STEPP@sakilacustomer.org,1,25,89.75,176,"Likely Churned"
387,"JESSE SCHILLING",JESSE.SCHILLING@sakilacustomer.org,1,26,101.74,176,"Likely Churned"
390,"SHAWN HEATON",SHAWN.HEATON@sakilacustomer.org,1,33,152.67,176,"Likely Churned"
396,"EARL SHANKS",EARL.SHANKS@sakilacustomer.org,1,27,111.73,176,"Likely Churned"
397,"JIMMY SCHRADER",JIMMY.SCHRADER@sakilacustomer.org,1,29,105.71,176,"Likely Churned"
398,"ANTONIO MEEK",ANTONIO.MEEK@sakilacustomer.org,1,16,78.84,176,"Likely Churned"
403,"MIKE WAY",MIKE.WAY@sakilacustomer.org,1,35,166.65,176,"Likely Churned"
404,"STANLEY SCROGGINS",STANLEY.SCROGGINS@sakilacustomer.org,1,30,139.70,176,"Likely Churned"
407,"DALE RATCLIFF",DALE.RATCLIFF@sakilacustomer.org,1,27,112.73,176,"Likely Churned"
426,"BRADLEY MOTLEY",BRADLEY.MOTLEY@sakilacustomer.org,1,27,126.73,176,"Likely Churned"
427,"JESUS MCCARTNEY",JESUS.MCCARTNEY@sakilacustomer.org,1,24,114.76,176,"Likely Churned"
430,"RAY HOULE",RAY.HOULE@sakilacustomer.org,1,22,79.78,176,"Likely Churned"
434,"EDDIE TOMLIN",EDDIE.TOMLIN@sakilacustomer.org,1,27,128.73,176,"Likely Churned"
435,"RICKY SHELBY",RICKY.SHELBY@sakilacustomer.org,1,25,91.75,176,"Likely Churned"
437,"RANDALL NEUMANN",RANDALL.NEUMANN@sakilacustomer.org,1,23,99.77,176,"Likely Churned"
442,"LEROY BUSTAMANTE",LEROY.BUSTAMANTE@sakilacustomer.org,1,32,118.68,176,"Likely Churned"
449,"OSCAR AQUINO",OSCAR.AQUINO@sakilacustomer.org,1,20,99.80,176,"Likely Churned"
463,"DARRELL POWER",DARRELL.POWER@sakilacustomer.org,1,25,91.75,176,"Likely Churned"
475,"PEDRO CHESTNUT",PEDRO.CHESTNUT@sakilacustomer.org,1,24,103.76,176,"Likely Churned"
494,"RAMON CHOATE",RAMON.CHOATE@sakilacustomer.org,1,31,140.69,176,"Likely Churned"
507,"EDGAR RHOADS",EDGAR.RHOADS@sakilacustomer.org,1,25,95.75,176,"Likely Churned"
510,"BEN EASTER",BEN.EASTER@sakilacustomer.org,0,26,122.74,176,"Inactive (Churned)"
511,"CHESTER BENNER",CHESTER.BENNER@sakilacustomer.org,1,24,99.76,176,"Likely Churned"
515,"ANDRE RAPP",ANDRE.RAPP@sakilacustomer.org,1,28,126.72,176,"Likely Churned"
519,"RON DELUCA",RON.DELUCA@sakilacustomer.org,1,23,103.77,176,"Likely Churned"
523,"HARVEY GUAJARDO",HARVEY.GUAJARDO@sakilacustomer.org,1,22,93.78,176,"Likely Churned"
524,"JARED ELY",JARED.ELY@sakilacustomer.org,1,19,87.81,176,"Likely Churned"
529,"ERIK GUILLEN",ERIK.GUILLEN@sakilacustomer.org,1,29,118.71,176,"Likely Churned"
531,"JAMIE WAUGH",JAMIE.WAUGH@sakilacustomer.org,1,25,118.75,176,"Likely Churned"
538,"TED BREAUX",TED.BREAUX@sakilacustomer.org,1,29,117.71,176,"Likely Churned"
539,"MATHEW BOLIN",MATHEW.BOLIN@sakilacustomer.org,1,22,90.78,176,"Likely Churned"
542,"LONNIE TIRADO",LONNIE.TIRADO@sakilacustomer.org,1,18,94.82,176,"Likely Churned"
547,"KURT EMMONS",KURT.EMMONS@sakilacustomer.org,1,23,99.77,176,"Likely Churned"
551,"CLAYTON BARBEE",CLAYTON.BARBEE@sakilacustomer.org,1,26,96.74,176,"Likely Churned"
555,"DWIGHT LOMBARDI",DWIGHT.LOMBARDI@sakilacustomer.org,1,17,74.83,176,"Likely Churned"
564,"BOB PFEIFFER",BOB.PFEIFFER@sakilacustomer.org,1,24,91.76,176,"Likely Churned"
574,"JULIAN VEST",JULIAN.VEST@sakilacustomer.org,1,28,109.72,176,"Likely Churned"
588,"MARION OCAMPO",MARION.OCAMPO@sakilacustomer.org,1,29,115.71,176,"Likely Churned"
594,"EDUARDO HIATT",EDUARDO.HIATT@sakilacustomer.org,1,27,130.73,176,"Likely Churned"
2,"PATRICIA JOHNSON",PATRICIA.JOHNSON@sakilacustomer.org,1,27,128.73,175,"Likely Churned"
3,"LINDA WILLIAMS",LINDA.WILLIAMS@sakilacustomer.org,1,26,135.74,175,"Likely Churned"
4,"BARBARA JONES",BARBARA.JONES@sakilacustomer.org,1,22,81.78,175,"Likely Churned"
6,"JENNIFER DAVIS",JENNIFER.DAVIS@sakilacustomer.org,1,28,93.72,175,"Likely Churned"
8,"SUSAN WILSON",SUSAN.WILSON@sakilacustomer.org,1,24,92.76,175,"Likely Churned"
12,"NANCY THOMAS",NANCY.THOMAS@sakilacustomer.org,1,28,103.72,175,"Likely Churned"
17,"DONNA THOMPSON",DONNA.THOMPSON@sakilacustomer.org,1,21,98.79,175,"Likely Churned"
19,"RUTH MARTINEZ",RUTH.MARTINEZ@sakilacustomer.org,1,24,125.76,175,"Likely Churned"
20,"SHARON ROBINSON",SHARON.ROBINSON@sakilacustomer.org,1,30,115.70,175,"Likely Churned"
25,"DEBORAH WALKER",DEBORAH.WALKER@sakilacustomer.org,1,29,115.71,175,"Likely Churned"
26,"JESSICA HALL",JESSICA.HALL@sakilacustomer.org,1,34,152.66,175,"Likely Churned"
30,"MELISSA KING",MELISSA.KING@sakilacustomer.org,1,34,123.66,175,"Likely Churned"
31,"BRENDA WRIGHT",BRENDA.WRIGHT@sakilacustomer.org,1,26,104.74,175,"Likely Churned"
36,"KATHLEEN ADAMS",KATHLEEN.ADAMS@sakilacustomer.org,1,27,92.73,175,"Likely Churned"
37,"PAMELA BAKER",PAMELA.BAKER@sakilacustomer.org,1,23,95.77,175,"Likely Churned"
38,"MARTHA GONZALEZ",MARTHA.GONZALEZ@sakilacustomer.org,1,34,127.66,175,"Likely Churned"
45,"JANET PHILLIPS",JANET.PHILLIPS@sakilacustomer.org,1,27,127.73,175,"Likely Churned"
46,"CATHERINE CAMPBELL",CATHERINE.CAMPBELL@sakilacustomer.org,1,34,142.66,175,"Likely Churned"
47,"FRANCES PARKER",FRANCES.PARKER@sakilacustomer.org,1,22,108.78,175,"Likely Churned"
50,"DIANE COLLINS",DIANE.COLLINS@sakilacustomer.org,1,35,169.65,175,"Likely Churned"
54,"TERESA ROGERS",TERESA.ROGERS@sakilacustomer.org,1,29,128.71,175,"Likely Churned"
57,"EVELYN MORGAN",EVELYN.MORGAN@sakilacustomer.org,1,28,114.72,175,"Likely Churned"
59,"CHERYL MURPHY",CHERYL.MURPHY@sakilacustomer.org,1,27,133.73,175,"Likely Churned"
61,"KATHERINE RIVERA",KATHERINE.RIVERA@sakilacustomer.org,1,14,58.86,175,"Likely Churned"
62,"JOAN COOPER",JOAN.COOPER@sakilacustomer.org,1,23,84.77,175,"Likely Churned"
66,"JANICE WARD",JANICE.WARD@sakilacustomer.org,1,34,144.66,175,"Likely Churned"
68,"NICOLE PETERSON",NICOLE.PETERSON@sakilacustomer.org,1,22,94.78,175,"Likely Churned"
70,"CHRISTINA RAMIREZ",CHRISTINA.RAMIREZ@sakilacustomer.org,1,18,80.82,175,"Likely Churned"
71,"KATHY JAMES",KATHY.JAMES@sakilacustomer.org,1,30,129.70,175,"Likely Churned"
74,"DENISE KELLY",DENISE.KELLY@sakilacustomer.org,1,27,103.73,175,"Likely Churned"
76,"IRENE PRICE",IRENE.PRICE@sakilacustomer.org,1,23,77.77,175,"Likely Churned"
78,"LORI WOOD",LORI.WOOD@sakilacustomer.org,1,31,141.69,175,"Likely Churned"
81,"ANDREA HENDERSON",ANDREA.HENDERSON@sakilacustomer.org,1,22,93.78,175,"Likely Churned"
82,"KATHRYN COLEMAN",KATHRYN.COLEMAN@sakilacustomer.org,1,26,130.74,175,"Likely Churned"
86,"JACQUELINE LONG",JACQUELINE.LONG@sakilacustomer.org,1,33,148.67,175,"Likely Churned"
88,"BONNIE HUGHES",BONNIE.HUGHES@sakilacustomer.org,1,21,87.79,175,"Likely Churned"
89,"JULIA FLORES",JULIA.FLORES@sakilacustomer.org,1,32,134.68,175,"Likely Churned"
90,"RUBY WASHINGTON",RUBY.WASHINGTON@sakilacustomer.org,1,28,110.72,175,"Likely Churned"
93,"PHYLLIS FOSTER",PHYLLIS.FOSTER@sakilacustomer.org,1,23,91.77,175,"Likely Churned"
96,"DIANA ALEXANDER",DIANA.ALEXANDER@sakilacustomer.org,1,27,105.73,175,"Likely Churned"
98,"LILLIAN GRIFFIN",LILLIAN.GRIFFIN@sakilacustomer.org,1,25,106.75,175,"Likely Churned"
102,"CRYSTAL FORD",CRYSTAL.FORD@sakilacustomer.org,1,33,137.67,175,"Likely Churned"
103,"GLADYS HAMILTON",GLADYS.HAMILTON@sakilacustomer.org,1,31,146.69,175,"Likely Churned"
105,"DAWN SULLIVAN",DAWN.SULLIVAN@sakilacustomer.org,1,26,120.74,175,"Likely Churned"
109,"EDNA WEST",EDNA.WEST@sakilacustomer.org,1,26,107.74,175,"Likely Churned"
112,"ROSA REYNOLDS",ROSA.REYNOLDS@sakilacustomer.org,1,30,133.70,175,"Likely Churned"
113,"CINDY FISHER",CINDY.FISHER@sakilacustomer.org,1,29,113.71,175,"Likely Churned"
117,"EDITH MCDONALD",EDITH.MCDONALD@sakilacustomer.org,1,19,71.81,175,"Likely Churned"
118,"KIM CRUZ",KIM.CRUZ@sakilacustomer.org,1,21,82.79,175,"Likely Churned"
119,"SHERRY MARSHALL",SHERRY.MARSHALL@sakilacustomer.org,1,34,153.66,175,"Likely Churned"
121,"JOSEPHINE GOMEZ",JOSEPHINE.GOMEZ@sakilacustomer.org,1,26,109.74,175,"Likely Churned"
123,"SHANNON FREEMAN",SHANNON.FREEMAN@sakilacustomer.org,1,24,100.76,175,"Likely Churned"
124,"SHEILA WELLS",SHEILA.WELLS@sakilacustomer.org,0,18,73.82,175,"Inactive (Churned)"
126,"ELLEN SIMPSON",ELLEN.SIMPSON@sakilacustomer.org,1,28,117.72,175,"Likely Churned"
127,"ELAINE STEVENS",ELAINE.STEVENS@sakilacustomer.org,1,24,107.76,175,"Likely Churned"
128,"MARJORIE TUCKER",MARJORIE.TUCKER@sakilacustomer.org,1,32,127.68,175,"Likely Churned"
130,"CHARLOTTE HUNTER",CHARLOTTE.HUNTER@sakilacustomer.org,1,24,93.76,175,"Likely Churned"
131,"MONICA HICKS",MONICA.HICKS@sakilacustomer.org,1,30,128.70,175,"Likely Churned"
132,"ESTHER CRAWFORD",ESTHER.CRAWFORD@sakilacustomer.org,1,28,95.72,175,"Likely Churned"
133,"PAULINE HENRY",PAULINE.HENRY@sakilacustomer.org,1,27,98.73,175,"Likely Churned"
134,"EMMA BOYD",EMMA.BOYD@sakilacustomer.org,1,23,94.77,175,"Likely Churned"
136,"ANITA MORALES",ANITA.MORALES@sakilacustomer.org,1,15,62.85,175,"Likely Churned"
137,"RHONDA KENNEDY",RHONDA.KENNEDY@sakilacustomer.org,1,39,194.61,175,"Likely Churned"
138,"HAZEL WARREN",HAZEL.WARREN@sakilacustomer.org,1,34,110.66,175,"Likely Churned"
139,"AMBER DIXON",AMBER.DIXON@sakilacustomer.org,1,27,113.73,175,"Likely Churned"
140,"EVA RAMOS",EVA.RAMOS@sakilacustomer.org,1,18,83.82,175,"Likely Churned"
141,"DEBBIE REYES",DEBBIE.REYES@sakilacustomer.org,1,32,130.68,175,"Likely Churned"
143,"LESLIE GORDON",LESLIE.GORDON@sakilacustomer.org,1,22,89.78,175,"Likely Churned"
144,"CLARA SHAW",CLARA.SHAW@sakilacustomer.org,1,42,195.58,175,"Likely Churned"
146,"JAMIE RICE",JAMIE.RICE@sakilacustomer.org,1,29,139.71,175,"Likely Churned"
147,"JOANNE ROBERTSON",JOANNE.ROBERTSON@sakilacustomer.org,1,34,127.66,175,"Likely Churned"
148,"ELEANOR HUNT",ELEANOR.HUNT@sakilacustomer.org,1,46,216.54,175,"Likely Churned"
149,"VALERIE BLACK",VALERIE.BLACK@sakilacustomer.org,1,26,121.74,175,"Likely Churned"
151,"MEGAN PALMER",MEGAN.PALMER@sakilacustomer.org,1,27,92.73,175,"Likely Churned"
153,"SUZANNE NICHOLS",SUZANNE.NICHOLS@sakilacustomer.org,1,24,94.76,175,"Likely Churned"
154,"MICHELE GRANT",MICHELE.GRANT@sakilacustomer.org,1,30,130.70,175,"Likely Churned"
158,"VERONICA STONE",VERONICA.STONE@sakilacustomer.org,1,32,126.68,175,"Likely Churned"
160,"ERIN DUNN",ERIN.DUNN@sakilacustomer.org,1,27,106.73,175,"Likely Churned"
165,"LORRAINE STEPHENS",LORRAINE.STEPHENS@sakilacustomer.org,1,21,86.79,175,"Likely Churned"
166,"LYNN PAYNE",LYNN.PAYNE@sakilacustomer.org,1,28,123.72,175,"Likely Churned"
167,"SALLY PIERCE",SALLY.PIERCE@sakilacustomer.org,1,32,119.68,175,"Likely Churned"
169,"ERICA MATTHEWS",ERICA.MATTHEWS@sakilacustomer.org,0,22,95.78,175,"Inactive (Churned)"
170,"BEATRICE ARNOLD",BEATRICE.ARNOLD@sakilacustomer.org,1,26,119.74,175,"Likely Churned"
171,"DOLORES WAGNER",DOLORES.WAGNER@sakilacustomer.org,1,26,114.74,175,"Likely Churned"
172,"BERNICE WILLIS",BERNICE.WILLIS@sakilacustomer.org,1,33,145.67,175,"Likely Churned"
173,"AUDREY RAY",AUDREY.RAY@sakilacustomer.org,1,29,119.71,175,"Likely Churned"
174,"YVONNE WATKINS",YVONNE.WATKINS@sakilacustomer.org,1,21,92.79,175,"Likely Churned"
176,"JUNE CARROLL",JUNE.CARROLL@sakilacustomer.org,1,37,173.63,175,"Likely Churned"
179,"DANA HART",DANA.HART@sakilacustomer.org,1,29,133.71,175,"Likely Churned"
184,"VIVIAN RUIZ",VIVIAN.RUIZ@sakilacustomer.org,1,23,90.77,175,"Likely Churned"
187,"BRITTANY RILEY",BRITTANY.RILEY@sakilacustomer.org,1,28,159.72,175,"Likely Churned"
189,"LORETTA CARPENTER",LORETTA.CARPENTER@sakilacustomer.org,1,22,93.78,175,"Likely Churned"
194,"KRISTEN CHAVEZ",KRISTEN.CHAVEZ@sakilacustomer.org,1,18,87.82,175,"Likely Churned"
195,"VANESSA SIMS",VANESSA.SIMS@sakilacustomer.org,1,19,86.81,175,"Likely Churned"
196,"ALMA AUSTIN",ALMA.AUSTIN@sakilacustomer.org,1,35,151.65,175,"Likely Churned"
197,"SUE PETERS",SUE.PETERS@sakilacustomer.org,1,40,154.60,175,"Likely Churned"
198,"ELSIE KELLEY",ELSIE.KELLEY@sakilacustomer.org,1,37,141.63,175,"Likely Churned"
201,"VICKI FIELDS",VICKI.FIELDS@sakilacustomer.org,1,25,108.75,175,"Likely Churned"
202,"CARLA GUTIERREZ",CARLA.GUTIERREZ@sakilacustomer.org,1,26,103.74,175,"Likely Churned"
203,"TARA RYAN",TARA.RYAN@sakilacustomer.org,1,20,88.80,175,"Likely Churned"
206,"TERRI VASQUEZ",TERRI.VASQUEZ@sakilacustomer.org,1,27,126.73,175,"Likely Churned"
207,"GERTRUDE CASTILLO",GERTRUDE.CASTILLO@sakilacustomer.org,1,34,137.66,175,"Likely Churned"
209,"TONYA CHAPMAN",TONYA.CHAPMAN@sakilacustomer.org,1,32,161.68,175,"Likely Churned"
210,"ELLA OLIVER",ELLA.OLIVER@sakilacustomer.org,1,31,137.69,175,"Likely Churned"
212,"WILMA RICHARDS",WILMA.RICHARDS@sakilacustomer.org,1,20,91.80,175,"Likely Churned"
218,"VERA MCCOY",VERA.MCCOY@sakilacustomer.org,1,18,67.82,175,"Likely Churned"
220,"CHARLENE ALVAREZ",CHARLENE.ALVAREZ@sakilacustomer.org,1,27,114.73,175,"Likely Churned"
223,"MELINDA FERNANDEZ",MELINDA.FERNANDEZ@sakilacustomer.org,1,17,80.83,175,"Likely Churned"
224,"PEARL GARZA",PEARL.GARZA@sakilacustomer.org,1,22,76.78,175,"Likely Churned"
226,"MAUREEN LITTLE",MAUREEN.LITTLE@sakilacustomer.org,1,21,87.79,175,"Likely Churned"
232,"CONSTANCE REID",CONSTANCE.REID@sakilacustomer.org,1,25,95.75,175,"Likely Churned"
233,"LILLIE KIM",LILLIE.KIM@sakilacustomer.org,1,23,89.77,175,"Likely Churned"
237,"TANYA GILBERT",TANYA.GILBERT@sakilacustomer.org,1,33,144.67,175,"Likely Churned"
238,"NELLIE GARRETT",NELLIE.GARRETT@sakilacustomer.org,1,21,94.79,175,"Likely Churned"
240,"MARLENE WELCH",MARLENE.WELCH@sakilacustomer.org,1,26,117.74,175,"Likely Churned"
241,"HEIDI LARSON",HEIDI.LARSON@sakilacustomer.org,0,34,122.66,175,"Inactive (Churned)"
246,"MARIAN MENDOZA",MARIAN.MENDOZA@sakilacustomer.org,1,23,107.77,175,"Likely Churned"
247,"STELLA MORENO",STELLA.MORENO@sakilacustomer.org,1,22,104.78,175,"Likely Churned"
254,"MAXINE SILVA",MAXINE.SILVA@sakilacustomer.org,1,32,116.68,175,"Likely Churned"
256,"MABEL HOLLAND",MABEL.HOLLAND@sakilacustomer.org,1,30,112.70,175,"Likely Churned"
257,"MARSHA DOUGLAS",MARSHA.DOUGLAS@sakilacustomer.org,1,37,151.63,175,"Likely Churned"
259,"LENA JENSEN",LENA.JENSEN@sakilacustomer.org,1,32,168.68,175,"Likely Churned"
262,"PATSY DAVIDSON",PATSY.DAVIDSON@sakilacustomer.org,1,28,119.72,175,"Likely Churned"
270,"LEAH CURTIS",LEAH.CURTIS@sakilacustomer.org,1,25,104.75,175,"Likely Churned"
273,"PRISCILLA LOWE",PRISCILLA.LOWE@sakilacustomer.org,1,35,157.65,175,"Likely Churned"
275,"CAROLE BARNETT",CAROLE.BARNETT@sakilacustomer.org,1,30,108.70,175,"Likely Churned"
276,"BRANDY GRAVES",BRANDY.GRAVES@sakilacustomer.org,1,28,122.72,175,"Likely Churned"
278,"BILLIE HORTON",BILLIE.HORTON@sakilacustomer.org,1,26,88.74,175,"Likely Churned"
280,"TRACEY BARRETT",TRACEY.BARRETT@sakilacustomer.org,1,27,118.73,175,"Likely Churned"
283,"FELICIA SUTTON",FELICIA.SUTTON@sakilacustomer.org,1,28,86.72,175,"Likely Churned"
285,"MIRIAM MCKINNEY",MIRIAM.MCKINNEY@sakilacustomer.org,1,26,135.74,175,"Likely Churned"
286,"VELMA LUCAS",VELMA.LUCAS@sakilacustomer.org,1,27,117.73,175,"Likely Churned"
291,"TONI HOLT",TONI.HOLT@sakilacustomer.org,1,23,95.77,175,"Likely Churned"
293,"MAE FLETCHER",MAE.FLETCHER@sakilacustomer.org,1,31,158.69,175,"Likely Churned"
294,"SHELLY WATTS",SHELLY.WATTS@sakilacustomer.org,1,26,113.74,175,"Likely Churned"
297,"SHERRI RHODES",SHERRI.RHODES@sakilacustomer.org,1,33,128.67,175,"Likely Churned"
298,"ERIKA PENA",ERIKA.PENA@sakilacustomer.org,1,26,101.74,175,"Likely Churned"
302,"MICHAEL SILVERMAN",MICHAEL.SILVERMAN@sakilacustomer.org,1,29,127.71,175,"Likely Churned"
303,"WILLIAM SATTERFIELD",WILLIAM.SATTERFIELD@sakilacustomer.org,1,26,100.74,175,"Likely Churned"
305,"RICHARD MCCRARY",RICHARD.MCCRARY@sakilacustomer.org,1,25,109.75,175,"Likely Churned"
306,"CHARLES KOWALSKI",CHARLES.KOWALSKI@sakilacustomer.org,1,32,138.68,175,"Likely Churned"
307,"JOSEPH JOY",JOSEPH.JOY@sakilacustomer.org,1,30,134.70,175,"Likely Churned"
308,"THOMAS GRIGSBY",THOMAS.GRIGSBY@sakilacustomer.org,1,25,105.75,175,"Likely Churned"
311,"PAUL TROUT",PAUL.TROUT@sakilacustomer.org,1,23,120.77,175,"Likely Churned"
312,"MARK RINEHART",MARK.RINEHART@sakilacustomer.org,1,26,104.74,175,"Likely Churned"
313,"DONALD MAHON",DONALD.MAHON@sakilacustomer.org,1,23,89.77,175,"Likely Churned"
314,"GEORGE LINTON",GEORGE.LINTON@sakilacustomer.org,1,33,131.67,175,"Likely Churned"
316,"STEVEN CURLEY",STEVEN.CURLEY@sakilacustomer.org,1,29,132.71,175,"Likely Churned"
321,"KEVIN SCHULER",KEVIN.SCHULER@sakilacustomer.org,1,22,116.78,175,"Likely Churned"
322,"JASON MORRISSEY",JASON.MORRISSEY@sakilacustomer.org,1,28,128.72,175,"Likely Churned"
323,"MATTHEW MAHAN",MATTHEW.MAHAN@sakilacustomer.org,1,31,114.69,175,"Likely Churned"
328,"JEFFREY SPEAR",JEFFREY.SPEAR@sakilacustomer.org,1,23,90.77,175,"Likely Churned"
331,"ERIC ROBERT",ERIC.ROBERT@sakilacustomer.org,1,27,122.73,175,"Likely Churned"
341,"PETER MENARD",PETER.MENARD@sakilacustomer.org,1,23,106.77,175,"Likely Churned"
342,"HAROLD MARTINO",HAROLD.MARTINO@sakilacustomer.org,1,32,130.68,175,"Likely Churned"
343,"DOUGLAS GRAF",DOUGLAS.GRAF@sakilacustomer.org,1,25,114.75,175,"Likely Churned"
345,"CARL ARTIS",CARL.ARTIS@sakilacustomer.org,1,23,106.77,175,"Likely Churned"
346,"ARTHUR SIMPKINS",ARTHUR.SIMPKINS@sakilacustomer.org,1,32,155.68,175,"Likely Churned"
347,"RYAN SALISBURY",RYAN.SALISBURY@sakilacustomer.org,1,30,142.70,175,"Likely Churned"
348,"ROGER QUINTANILLA",ROGER.QUINTANILLA@sakilacustomer.org,1,36,146.64,175,"Likely Churned"
350,"JUAN FRALEY",JUAN.FRALEY@sakilacustomer.org,1,23,73.77,175,"Likely Churned"
351,"JACK FOUST",JACK.FOUST@sakilacustomer.org,1,24,89.76,175,"Likely Churned"
353,"JONATHAN SCARBOROUGH",JONATHAN.SCARBOROUGH@sakilacustomer.org,1,18,72.82,175,"Likely Churned"
356,"GERALD FULTZ",GERALD.FULTZ@sakilacustomer.org,1,30,121.70,175,"Likely Churned"
357,"KEITH RICO",KEITH.RICO@sakilacustomer.org,1,26,89.74,175,"Likely Churned"
368,"HARRY ARCE",HARRY.ARCE@sakilacustomer.org,0,35,157.65,175,"Inactive (Churned)"
370,"WAYNE TRUONG",WAYNE.TRUONG@sakilacustomer.org,1,19,70.81,175,"Likely Churned"
371,"BILLY POULIN",BILLY.POULIN@sakilacustomer.org,1,35,149.65,175,"Likely Churned"
372,"STEVE MACKENZIE",STEVE.MACKENZIE@sakilacustomer.org,1,34,158.66,175,"Likely Churned"
375,"AARON SELBY",AARON.SELBY@sakilacustomer.org,1,24,110.76,175,"Likely Churned"
377,"HOWARD FORTNER",HOWARD.FORTNER@sakilacustomer.org,1,26,93.74,175,"Likely Churned"
379,"CARLOS COUGHLIN",CARLOS.COUGHLIN@sakilacustomer.org,1,23,106.77,175,"Likely Churned"
380,"RUSSELL BRINSON",RUSSELL.BRINSON@sakilacustomer.org,1,36,136.64,175,"Likely Churned"
381,"BOBBY BOUDREAU",BOBBY.BOUDREAU@sakilacustomer.org,1,35,106.65,175,"Likely Churned"
382,"VICTOR BARKLEY",VICTOR.BARKLEY@sakilacustomer.org,1,24,91.76,175,"Likely Churned"
383,"MARTIN BALES",MARTIN.BALES@sakilacustomer.org,1,27,103.73,175,"Likely Churned"
385,"PHILLIP HOLM",PHILLIP.HOLM@sakilacustomer.org,1,26,101.74,175,"Likely Churned"
386,"TODD TAN",TODD.TAN@sakilacustomer.org,1,29,117.71,175,"Likely Churned"
389,"ALAN KAHN",ALAN.KAHN@sakilacustomer.org,1,26,124.74,175,"Likely Churned"
393,"PHILIP CAUSEY",PHILIP.CAUSEY@sakilacustomer.org,1,31,121.69,175,"Likely Churned"
395,"JOHNNY TURPIN",JOHNNY.TURPIN@sakilacustomer.org,1,19,57.81,175,"Likely Churned"
399,"DANNY ISOM",DANNY.ISOM@sakilacustomer.org,1,21,91.79,175,"Likely Churned"
400,"BRYAN HARDISON",BRYAN.HARDISON@sakilacustomer.org,1,28,124.72,175,"Likely Churned"
401,"TONY CARRANZA",TONY.CARRANZA@sakilacustomer.org,1,21,73.79,175,"Likely Churned"
402,"LUIS YANEZ",LUIS.YANEZ@sakilacustomer.org,1,20,79.80,175,"Likely Churned"
408,"MANUEL MURRELL",MANUEL.MURRELL@sakilacustomer.org,1,30,116.70,175,"Likely Churned"
413,"MARVIN YEE",MARVIN.YEE@sakilacustomer.org,1,21,75.79,175,"Likely Churned"
414,"VINCENT RALSTON",VINCENT.RALSTON@sakilacustomer.org,1,25,105.75,175,"Likely Churned"
415,"GLENN PULLEN",GLENN.PULLEN@sakilacustomer.org,1,23,93.77,175,"Likely Churned"
416,"JEFFERY PINSON",JEFFERY.PINSON@sakilacustomer.org,1,31,121.69,175,"Likely Churned"
418,"JEFF EAST",JEFF.EAST@sakilacustomer.org,1,30,107.70,175,"Likely Churned"
419,"CHAD CARBONE",CHAD.CARBONE@sakilacustomer.org,1,25,89.75,175,"Likely Churned"
420,"JACOB LANCE",JACOB.LANCE@sakilacustomer.org,1,21,79.79,175,"Likely Churned"
423,"ALFRED CASILLAS",ALFRED.CASILLAS@sakilacustomer.org,1,26,120.74,175,"Likely Churned"
425,"FRANCIS SIKES",FRANCIS.SIKES@sakilacustomer.org,1,26,104.74,175,"Likely Churned"
432,"EDWIN BURK",EDWIN.BURK@sakilacustomer.org,1,23,116.77,175,"Likely Churned"
433,"DON BONE",DON.BONE@sakilacustomer.org,1,25,133.75,175,"Likely Churned"
436,"TROY QUIGLEY",TROY.QUIGLEY@sakilacustomer.org,1,30,144.70,175,"Likely Churned"
439,"ALEXANDER FENNELL",ALEXANDER.FENNELL@sakilacustomer.org,1,36,151.64,175,"Likely Churned"
443,"FRANCISCO SKIDMORE",FRANCISCO.SKIDMORE@sakilacustomer.org,1,22,98.78,175,"Likely Churned"
444,"MARCUS HIDALGO",MARCUS.HIDALGO@sakilacustomer.org,1,30,115.70,175,"Likely Churned"
445,"MICHEAL FORMAN",MICHEAL.FORMAN@sakilacustomer.org,1,26,102.74,175,"Likely Churned"
446,"THEODORE CULP",THEODORE.CULP@sakilacustomer.org,0,31,116.69,175,"Inactive (Churned)"
447,"CLIFFORD BOWENS",CLIFFORD.BOWENS@sakilacustomer.org,1,29,113.71,175,"Likely Churned"
451,"JIM REA",JIM.REA@sakilacustomer.org,1,33,128.67,175,"Likely Churned"
453,"CALVIN MARTEL",CALVIN.MARTEL@sakilacustomer.org,1,23,111.77,175,"Likely Churned"
454,"ALEX GRESHAM",ALEX.GRESHAM@sakilacustomer.org,1,33,151.67,175,"Likely Churned"
455,"JON WILES",JON.WILES@sakilacustomer.org,1,24,87.76,175,"Likely Churned"
456,"RONNIE RICKETTS",RONNIE.RICKETTS@sakilacustomer.org,1,25,100.75,175,"Likely Churned"
458,"LLOYD DOWD",LLOYD.DOWD@sakilacustomer.org,1,19,66.81,175,"Likely Churned"
459,"TOMMY COLLAZO",TOMMY.COLLAZO@sakilacustomer.org,1,38,186.62,175,"Likely Churned"
460,"LEON BOSTIC",LEON.BOSTIC@sakilacustomer.org,1,25,109.75,175,"Likely Churned"
461,"DEREK BLAKELY",DEREK.BLAKELY@sakilacustomer.org,1,28,97.72,175,"Likely Churned"
462,"WARREN SHERROD",WARREN.SHERROD@sakilacustomer.org,1,33,159.67,175,"Likely Churned"
464,"JEROME KENYON",JEROME.KENYON@sakilacustomer.org,1,16,73.84,175,"Likely Churned"
465,"FLOYD GANDY",FLOYD.GANDY@sakilacustomer.org,1,17,69.83,175,"Likely Churned"
466,"LEO EBERT",LEO.EBERT@sakilacustomer.org,1,23,104.77,175,"Likely Churned"
467,"ALVIN DELOACH",ALVIN.DELOACH@sakilacustomer.org,1,29,139.71,175,"Likely Churned"
468,"TIM CARY",TIM.CARY@sakilacustomer.org,1,39,175.61,175,"Likely Churned"
469,"WESLEY BULL",WESLEY.BULL@sakilacustomer.org,1,40,177.60,175,"Likely Churned"
471,"DEAN SAUER",DEAN.SAUER@sakilacustomer.org,1,27,109.73,175,"Likely Churned"
473,"JORGE OLIVARES",JORGE.OLIVARES@sakilacustomer.org,1,34,134.66,175,"Likely Churned"
477,"DAN PAINE",DAN.PAINE@sakilacustomer.org,1,22,109.78,175,"Likely Churned"
478,"LEWIS LYMAN",LEWIS.LYMAN@sakilacustomer.org,1,19,86.81,175,"Likely Churned"
480,"COREY HAUSER",COREY.HAUSER@sakilacustomer.org,1,22,101.78,175,"Likely Churned"
482,"MAURICE CRAWLEY",MAURICE.CRAWLEY@sakilacustomer.org,0,29,138.71,175,"Inactive (Churned)"
484,"ROBERTO VU",ROBERTO.VU@sakilacustomer.org,1,30,139.70,175,"Likely Churned"
487,"HECTOR POINDEXTER",HECTOR.POINDEXTER@sakilacustomer.org,1,26,119.74,175,"Likely Churned"
488,"SHANE MILLARD",SHANE.MILLARD@sakilacustomer.org,1,22,95.78,175,"Likely Churned"
489,"RICARDO MEADOR",RICARDO.MEADOR@sakilacustomer.org,1,21,99.79,175,"Likely Churned"
490,"SAM MCDUFFIE",SAM.MCDUFFIE@sakilacustomer.org,1,24,117.76,175,"Likely Churned"
491,"RICK MATTOX",RICK.MATTOX@sakilacustomer.org,1,27,124.73,175,"Likely Churned"
492,"LESTER KRAUS",LESTER.KRAUS@sakilacustomer.org,1,16,65.84,175,"Likely Churned"
499,"MARC OUTLAW",MARC.OUTLAW@sakilacustomer.org,1,30,123.70,175,"Likely Churned"
500,"REGINALD KINDER",REGINALD.KINDER@sakilacustomer.org,1,28,115.72,175,"Likely Churned"
501,"RUBEN GEARY",RUBEN.GEARY@sakilacustomer.org,1,21,89.79,175,"Likely Churned"
502,"BRETT CORNWELL",BRETT.CORNWELL@sakilacustomer.org,1,34,138.66,175,"Likely Churned"
503,"ANGEL BARCLAY",ANGEL.BARCLAY@sakilacustomer.org,1,32,115.68,175,"Likely Churned"
504,"NATHANIEL ADAM",NATHANIEL.ADAM@sakilacustomer.org,1,28,133.72,175,"Likely Churned"
506,"LESLIE SEWARD",LESLIE.SEWARD@sakilacustomer.org,1,35,152.65,175,"Likely Churned"
509,"RAUL FORTIER",RAUL.FORTIER@sakilacustomer.org,1,20,100.80,175,"Likely Churned"
513,"DUANE TUBBS",DUANE.TUBBS@sakilacustomer.org,1,31,148.69,175,"Likely Churned"
514,"FRANKLIN TROUTMAN",FRANKLIN.TROUTMAN@sakilacustomer.org,1,22,74.78,175,"Likely Churned"
517,"BRAD MCCURDY",BRAD.MCCURDY@sakilacustomer.org,1,25,105.75,175,"Likely Churned"
518,"GABRIEL HARDER",GABRIEL.HARDER@sakilacustomer.org,1,26,111.74,175,"Likely Churned"
520,"MITCHELL WESTMORELAND",MITCHELL.WESTMORELAND@sakilacustomer.org,1,32,134.68,175,"Likely Churned"
522,"ARNOLD HAVENS",ARNOLD.HAVENS@sakilacustomer.org,1,33,167.67,175,"Likely Churned"
526,"KARL SEAL",KARL.SEAL@sakilacustomer.org,1,45,221.55,175,"Likely Churned"
528,"CLAUDE HERZOG",CLAUDE.HERZOG@sakilacustomer.org,1,25,111.75,175,"Likely Churned"
535,"JAVIER ELROD",JAVIER.ELROD@sakilacustomer.org,1,32,135.68,175,"Likely Churned"
536,"FERNANDO CHURCHILL",FERNANDO.CHURCHILL@sakilacustomer.org,1,25,117.75,175,"Likely Churned"
540,"TYRONE ASHER",TYRONE.ASHER@sakilacustomer.org,1,24,112.76,175,"Likely Churned"
541,"DARREN WINDHAM",DARREN.WINDHAM@sakilacustomer.org,1,24,108.76,175,"Likely Churned"
543,"LANCE PEMBERTON",LANCE.PEMBERTON@sakilacustomer.org,1,22,82.78,175,"Likely Churned"
544,"CODY NOLEN",CODY.NOLEN@sakilacustomer.org,1,22,98.78,175,"Likely Churned"
545,"JULIO NOLAND",JULIO.NOLAND@sakilacustomer.org,1,21,89.79,175,"Likely Churned"
546,"KELLY KNOTT",KELLY.KNOTT@sakilacustomer.org,1,25,103.75,175,"Likely Churned"
552,"HUGH WALDROP",HUGH.WALDROP@sakilacustomer.org,1,21,90.79,175,"Likely Churned"
553,"MAX PITT",MAX.PITT@sakilacustomer.org,1,24,107.76,175,"Likely Churned"
554,"DWAYNE OLVERA",DWAYNE.OLVERA@sakilacustomer.org,1,22,101.78,175,"Likely Churned"
556,"ARMANDO GRUBER",ARMANDO.GRUBER@sakilacustomer.org,1,21,83.79,175,"Likely Churned"
559,"EVERETT BANDA",EVERETT.BANDA@sakilacustomer.org,1,28,110.72,175,"Likely Churned"
562,"WALLACE SLONE",WALLACE.SLONE@sakilacustomer.org,1,25,109.75,175,"Likely Churned"
563,"KEN PREWITT",KEN.PREWITT@sakilacustomer.org,1,29,110.71,175,"Likely Churned"
565,"JAIME NETTLES",JAIME.NETTLES@sakilacustomer.org,1,29,126.71,175,"Likely Churned"
567,"ALFREDO MCADAMS",ALFREDO.MCADAMS@sakilacustomer.org,1,20,85.80,175,"Likely Churned"
569,"DAVE GARDINER",DAVE.GARDINER@sakilacustomer.org,1,32,134.68,175,"Likely Churned"
571,"JOHNNIE CHISHOLM",JOHNNIE.CHISHOLM@sakilacustomer.org,1,24,121.76,175,"Likely Churned"
575,"ISAAC OGLESBY",ISAAC.OGLESBY@sakilacustomer.org,1,29,126.71,175,"Likely Churned"
577,"CLIFTON MALCOLM",CLIFTON.MALCOLM@sakilacustomer.org,1,27,117.73,175,"Likely Churned"
578,"WILLARD LUMPKIN",WILLARD.LUMPKIN@sakilacustomer.org,1,22,96.78,175,"Likely Churned"
580,"ROSS GREY",ROSS.GREY@sakilacustomer.org,1,27,99.73,175,"Likely Churned"
581,"VIRGIL WOFFORD",VIRGIL.WOFFORD@sakilacustomer.org,1,27,107.73,175,"Likely Churned"
584,"SALVADOR TEEL",SALVADOR.TEEL@sakilacustomer.org,1,30,129.70,175,"Likely Churned"
586,"KIRK STCLAIR",KIRK.STCLAIR@sakilacustomer.org,1,19,64.81,175,"Likely Churned"
589,"TRACY HERRMANN",TRACY.HERRMANN@sakilacustomer.org,1,28,129.72,175,"Likely Churned"
595,"TERRENCE GUNDERSON",TERRENCE.GUNDERSON@sakilacustomer.org,1,30,117.70,175,"Likely Churned"
598,"WADE DELVALLE",WADE.DELVALLE@sakilacustomer.org,1,22,83.78,175,"Likely Churned"
599,"AUSTIN CINTRON",AUSTIN.CINTRON@sakilacustomer.org,1,19,83.81,175,"Likely Churned"
5,"ELIZABETH BROWN",ELIZABETH.BROWN@sakilacustomer.org,1,38,144.62,0,"Active & Engaged"
9,"MARGARET MOORE",MARGARET.MOORE@sakilacustomer.org,1,23,89.77,0,"Active & Engaged"
11,"LISA ANDERSON",LISA.ANDERSON@sakilacustomer.org,1,24,106.76,0,"Active & Engaged"
14,"BETTY WHITE",BETTY.WHITE@sakilacustomer.org,1,28,117.72,0,"Active & Engaged"
15,"HELEN HARRIS",HELEN.HARRIS@sakilacustomer.org,1,32,134.68,0,"Active & Engaged"
21,"MICHELLE CLARK",MICHELLE.CLARK@sakilacustomer.org,1,35,155.65,0,"Active & Engaged"
22,"LAURA RODRIGUEZ",LAURA.RODRIGUEZ@sakilacustomer.org,1,22,113.78,0,"Active & Engaged"
23,"SARAH LEWIS",SARAH.LEWIS@sakilacustomer.org,1,30,119.70,0,"Active & Engaged"
28,"CYNTHIA YOUNG",CYNTHIA.YOUNG@sakilacustomer.org,1,32,111.68,0,"Active & Engaged"
29,"ANGELA HERNANDEZ",ANGELA.HERNANDEZ@sakilacustomer.org,1,36,140.64,0,"Active & Engaged"
33,"ANNA HILL",ANNA.HILL@sakilacustomer.org,1,21,91.79,0,"Active & Engaged"
41,"STEPHANIE MITCHELL",STEPHANIE.MITCHELL@sakilacustomer.org,1,25,118.75,0,"Active & Engaged"
42,"CAROLYN PEREZ",CAROLYN.PEREZ@sakilacustomer.org,1,30,117.70,0,"Active & Engaged"
43,"CHRISTINE ROBERTS",CHRISTINE.ROBERTS@sakilacustomer.org,1,24,99.76,0,"Active & Engaged"
44,"MARIE TURNER",MARIE.TURNER@sakilacustomer.org,1,26,114.74,0,"Active & Engaged"
52,"JULIE SANCHEZ",JULIE.SANCHEZ@sakilacustomer.org,1,29,107.71,0,"Active & Engaged"
53,"HEATHER MORRIS",HEATHER.MORRIS@sakilacustomer.org,1,30,115.70,0,"Active & Engaged"
56,"GLORIA COOK",GLORIA.COOK@sakilacustomer.org,1,30,135.70,0,"Active & Engaged"
58,"JEAN BELL",JEAN.BELL@sakilacustomer.org,1,27,115.73,0,"Active & Engaged"
60,"MILDRED BAILEY",MILDRED.BAILEY@sakilacustomer.org,1,25,98.75,0,"Active & Engaged"
64,"JUDITH COX",JUDITH.COX@sakilacustomer.org,0,33,100.67,0,"Inactive (Churned)"
69,"JUDY GRAY",JUDY.GRAY@sakilacustomer.org,1,25,96.75,0,"Active & Engaged"
73,"BEVERLY BROOKS",BEVERLY.BROOKS@sakilacustomer.org,1,24,97.76,0,"Active & Engaged"
75,"TAMMY SANDERS",TAMMY.SANDERS@sakilacustomer.org,1,41,155.59,0,"Active & Engaged"
80,"MARILYN ROSS",MARILYN.ROSS@sakilacustomer.org,1,30,137.70,0,"Active & Engaged"
83,"LOUISE JENKINS",LOUISE.JENKINS@sakilacustomer.org,1,25,101.75,0,"Active & Engaged"
87,"WANDA PATTERSON",WANDA.PATTERSON@sakilacustomer.org,1,30,145.70,0,"Active & Engaged"
91,"LOIS BUTLER",LOIS.BUTLER@sakilacustomer.org,1,35,113.65,0,"Active & Engaged"
94,"NORMA GONZALES",NORMA.GONZALES@sakilacustomer.org,1,21,79.79,0,"Active & Engaged"
99,"EMILY DIAZ",EMILY.DIAZ@sakilacustomer.org,1,24,91.76,0,"Active & Engaged"
100,"ROBIN HAYES",ROBIN.HAYES@sakilacustomer.org,1,24,102.76,0,"Active & Engaged"
101,"PEGGY MYERS",PEGGY.MYERS@sakilacustomer.org,1,24,96.76,0,"Active & Engaged"
107,"FLORENCE WOODS",FLORENCE.WOODS@sakilacustomer.org,1,30,126.70,0,"Active & Engaged"
108,"TRACY COLE",TRACY.COLE@sakilacustomer.org,1,30,132.70,0,"Active & Engaged"
111,"CARMEN OWENS",CARMEN.OWENS@sakilacustomer.org,1,26,97.74,0,"Active & Engaged"
114,"GRACE ELLIS",GRACE.ELLIS@sakilacustomer.org,1,33,139.67,0,"Active & Engaged"
115,"WENDY HARRISON",WENDY.HARRISON@sakilacustomer.org,1,30,91.70,0,"Active & Engaged"
120,"SYLVIA ORTIZ",SYLVIA.ORTIZ@sakilacustomer.org,1,32,143.68,0,"Active & Engaged"
135,"JUANITA MASON",JUANITA.MASON@sakilacustomer.org,1,30,110.70,0,"Active & Engaged"
142,"APRIL BURNS",APRIL.BURNS@sakilacustomer.org,1,26,94.74,0,"Active & Engaged"
152,"ALICIA MILLS",ALICIA.MILLS@sakilacustomer.org,1,21,83.79,0,"Active & Engaged"
155,"GAIL KNIGHT",GAIL.KNIGHT@sakilacustomer.org,1,25,109.75,0,"Active & Engaged"
162,"LAUREN HUDSON",LAUREN.HUDSON@sakilacustomer.org,1,20,71.80,0,"Active & Engaged"
163,"CATHY SPENCER",CATHY.SPENCER@sakilacustomer.org,1,29,122.71,0,"Active & Engaged"
168,"REGINA BERRY",REGINA.BERRY@sakilacustomer.org,1,34,135.66,0,"Active & Engaged"
175,"ANNETTE OLSON",ANNETTE.OLSON@sakilacustomer.org,1,24,98.76,0,"Active & Engaged"
178,"MARION SNYDER",MARION.SNYDER@sakilacustomer.org,1,39,194.61,0,"Active & Engaged"
180,"STACY CUNNINGHAM",STACY.CUNNINGHAM@sakilacustomer.org,1,23,98.77,0,"Active & Engaged"
181,"ANA BRADLEY",ANA.BRADLEY@sakilacustomer.org,1,34,174.66,0,"Active & Engaged"
186,"HOLLY FOX",HOLLY.FOX@sakilacustomer.org,1,31,114.69,0,"Active & Engaged"
188,"MELANIE ARMSTRONG",MELANIE.ARMSTRONG@sakilacustomer.org,1,25,92.75,0,"Active & Engaged"
190,"YOLANDA WEAVER",YOLANDA.WEAVER@sakilacustomer.org,1,27,110.73,0,"Active & Engaged"
191,"JEANETTE GREENE",JEANETTE.GREENE@sakilacustomer.org,1,20,74.80,0,"Active & Engaged"
192,"LAURIE LAWRENCE",LAURIE.LAWRENCE@sakilacustomer.org,1,23,99.77,0,"Active & Engaged"
193,"KATIE ELLIOTT",KATIE.ELLIOTT@sakilacustomer.org,1,25,109.75,0,"Active & Engaged"
199,"BETH FRANKLIN",BETH.FRANKLIN@sakilacustomer.org,1,25,103.75,0,"Active & Engaged"
200,"JEANNE LAWSON",JEANNE.LAWSON@sakilacustomer.org,1,27,136.73,0,"Active & Engaged"
208,"LUCY WHEELER",LUCY.WHEELER@sakilacustomer.org,1,26,91.74,0,"Active & Engaged"
211,"STACEY MONTGOMERY",STACEY.MONTGOMERY@sakilacustomer.org,1,34,151.66,0,"Active & Engaged"
213,"GINA WILLIAMSON",GINA.WILLIAMSON@sakilacustomer.org,1,28,111.72,0,"Active & Engaged"
214,"KRISTIN JOHNSTON",KRISTIN.JOHNSTON@sakilacustomer.org,1,31,116.69,0,"Active & Engaged"
215,"JESSIE BANKS",JESSIE.BANKS@sakilacustomer.org,1,26,91.74,0,"Active & Engaged"
216,"NATALIE MEYER",NATALIE.MEYER@sakilacustomer.org,1,23,95.77,0,"Active & Engaged"
219,"WILLIE HOWELL",WILLIE.HOWELL@sakilacustomer.org,1,26,101.74,0,"Active & Engaged"
227,"COLLEEN BURTON",COLLEEN.BURTON@sakilacustomer.org,1,24,87.76,0,"Active & Engaged"
228,"ALLISON STANLEY",ALLISON.STANLEY@sakilacustomer.org,1,27,92.73,0,"Active & Engaged"
229,"TAMARA NGUYEN",TAMARA.NGUYEN@sakilacustomer.org,1,25,93.75,0,"Active & Engaged"
234,"CLAUDIA FULLER",CLAUDIA.FULLER@sakilacustomer.org,1,26,111.74,0,"Active & Engaged"
236,"MARCIA DEAN",MARCIA.DEAN@sakilacustomer.org,1,42,175.58,0,"Active & Engaged"
244,"VIOLA HANSON",VIOLA.HANSON@sakilacustomer.org,1,32,129.68,0,"Active & Engaged"
245,"COURTNEY DAY",COURTNEY.DAY@sakilacustomer.org,1,32,132.68,0,"Active & Engaged"
251,"VICKIE BREWER",VICKIE.BREWER@sakilacustomer.org,1,31,120.69,0,"Active & Engaged"
252,"MATTIE HOFFMAN",MATTIE.HOFFMAN@sakilacustomer.org,1,22,64.78,0,"Active & Engaged"
263,"HILDA HOPKINS",HILDA.HOPKINS@sakilacustomer.org,1,29,122.71,0,"Active & Engaged"
264,"GWENDOLYN MAY",GWENDOLYN.MAY@sakilacustomer.org,1,25,98.75,0,"Active & Engaged"
267,"MARGIE WADE",MARGIE.WADE@sakilacustomer.org,1,36,159.64,0,"Active & Engaged"
269,"CASSANDRA WALTERS",CASSANDRA.WALTERS@sakilacustomer.org,1,30,129.70,0,"Active & Engaged"
274,"NAOMI JENNINGS",NAOMI.JENNINGS@sakilacustomer.org,1,35,152.65,0,"Active & Engaged"
279,"DIANNE SHELTON",DIANNE.SHELTON@sakilacustomer.org,1,31,135.69,0,"Active & Engaged"
282,"JENNY CASTRO",JENNY.CASTRO@sakilacustomer.org,1,27,103.73,0,"Active & Engaged"
284,"SONIA GREGORY",SONIA.GREGORY@sakilacustomer.org,1,28,126.72,0,"Active & Engaged"
287,"BECKY MILES",BECKY.MILES@sakilacustomer.org,1,29,115.71,0,"Active & Engaged"
295,"DAISY BATES",DAISY.BATES@sakilacustomer.org,1,38,162.62,0,"Active & Engaged"
296,"RAMONA HALE",RAMONA.HALE@sakilacustomer.org,1,30,129.70,0,"Active & Engaged"
300,"JOHN FARNSWORTH",JOHN.FARNSWORTH@sakilacustomer.org,1,31,137.69,0,"Active & Engaged"
315,"KENNETH GOODEN",KENNETH.GOODEN@sakilacustomer.org,0,17,84.83,0,"Inactive (Churned)"
317,"EDWARD BAUGH",EDWARD.BAUGH@sakilacustomer.org,1,28,114.72,0,"Active & Engaged"
324,"GARY COY",GARY.COY@sakilacustomer.org,1,25,103.75,0,"Active & Engaged"
327,"LARRY THRASHER",LARRY.THRASHER@sakilacustomer.org,1,26,112.74,0,"Active & Engaged"
330,"SCOTT SHELLEY",SCOTT.SHELLEY@sakilacustomer.org,1,25,94.75,0,"Active & Engaged"
334,"RAYMOND MCWHORTER",RAYMOND.MCWHORTER@sakilacustomer.org,1,30,135.70,0,"Active & Engaged"
335,"GREGORY MAULDIN",GREGORY.MAULDIN@sakilacustomer.org,1,23,78.77,0,"Active & Engaged"
336,"JOSHUA MARK",JOSHUA.MARK@sakilacustomer.org,1,30,119.70,0,"Active & Engaged"
337,"JERRY JORDON",JERRY.JORDON@sakilacustomer.org,1,29,143.71,0,"Active & Engaged"
349,"JOE GILLILAND",JOE.GILLILAND@sakilacustomer.org,1,29,138.71,0,"Active & Engaged"
352,"ALBERT CROUSE",ALBERT.CROUSE@sakilacustomer.org,1,23,99.77,0,"Active & Engaged"
354,"JUSTIN NGO",JUSTIN.NGO@sakilacustomer.org,1,36,129.64,0,"Active & Engaged"
355,"TERRY GRISSOM",TERRY.GRISSOM@sakilacustomer.org,1,20,72.80,0,"Active & Engaged"
359,"WILLIE MARKHAM",WILLIE.MARKHAM@sakilacustomer.org,1,25,101.75,0,"Active & Engaged"
361,"LAWRENCE LAWTON",LAWRENCE.LAWTON@sakilacustomer.org,1,31,100.69,0,"Active & Engaged"
366,"BRANDON HUEY",BRANDON.HUEY@sakilacustomer.org,1,37,152.63,0,"Active & Engaged"
369,"FRED WHEAT",FRED.WHEAT@sakilacustomer.org,1,25,88.75,0,"Active & Engaged"
373,"LOUIS LEONE",LOUIS.LEONE@sakilacustomer.org,1,35,161.65,0,"Active & Engaged"
374,"JEREMY HURTADO",JEREMY.HURTADO@sakilacustomer.org,1,28,103.72,0,"Active & Engaged"
388,"CRAIG MORRELL",CRAIG.MORRELL@sakilacustomer.org,1,30,124.70,0,"Active & Engaged"
394,"CHRIS BROTHERS",CHRIS.BROTHERS@sakilacustomer.org,1,22,84.78,0,"Active & Engaged"
405,"LEONARD SCHOFIELD",LEONARD.SCHOFIELD@sakilacustomer.org,1,32,109.68,0,"Active & Engaged"
410,"CURTIS IRBY",CURTIS.IRBY@sakilacustomer.org,1,38,167.62,0,"Active & Engaged"
411,"NORMAN CURRIER",NORMAN.CURRIER@sakilacustomer.org,1,26,80.74,0,"Active & Engaged"
412,"ALLEN BUTTERFIELD",ALLEN.BUTTERFIELD@sakilacustomer.org,1,21,85.79,0,"Active & Engaged"
417,"TRAVIS ESTEP",TRAVIS.ESTEP@sakilacustomer.org,1,25,110.75,0,"Active & Engaged"
421,"LEE HAWKS",LEE.HAWKS@sakilacustomer.org,1,27,119.73,0,"Active & Engaged"
422,"MELVIN ELLINGTON",MELVIN.ELLINGTON@sakilacustomer.org,1,26,97.74,0,"Active & Engaged"
424,"KYLE SPURLOCK",KYLE.SPURLOCK@sakilacustomer.org,1,30,110.70,0,"Active & Engaged"
431,"JOEL FRANCISCO",JOEL.FRANCISCO@sakilacustomer.org,1,23,95.77,0,"Active & Engaged"
438,"BARRY LOVELACE",BARRY.LOVELACE@sakilacustomer.org,1,33,134.67,0,"Active & Engaged"
440,"BERNARD COLBY",BERNARD.COLBY@sakilacustomer.org,1,22,88.78,0,"Active & Engaged"
441,"MARIO CHEATHAM",MARIO.CHEATHAM@sakilacustomer.org,1,28,112.72,0,"Active & Engaged"
448,"MIGUEL BETANCOURT",MIGUEL.BETANCOURT@sakilacustomer.org,1,29,135.71,0,"Active & Engaged"
450,"JAY ROBB",JAY.ROBB@sakilacustomer.org,1,26,89.74,0,"Active & Engaged"
452,"TOM MILNER",TOM.MILNER@sakilacustomer.org,1,32,107.68,0,"Active & Engaged"
457,"BILL GAVIN",BILL.GAVIN@sakilacustomer.org,1,28,114.72,0,"Active & Engaged"
472,"GREG ROBINS",GREG.ROBINS@sakilacustomer.org,1,30,141.70,0,"Active & Engaged"
474,"DUSTIN GILLETTE",DUSTIN.GILLETTE@sakilacustomer.org,1,26,100.74,0,"Active & Engaged"
476,"DERRICK BOURQUE",DERRICK.BOURQUE@sakilacustomer.org,1,22,95.78,0,"Active & Engaged"
479,"ZACHARY HITE",ZACHARY.HITE@sakilacustomer.org,1,31,146.69,0,"Active & Engaged"
493,"BRENT HARKINS",BRENT.HARKINS@sakilacustomer.org,1,23,112.77,0,"Active & Engaged"
495,"CHARLIE BESS",CHARLIE.BESS@sakilacustomer.org,1,26,120.74,0,"Active & Engaged"
496,"TYLER WREN",TYLER.WREN@sakilacustomer.org,1,21,88.79,0,"Active & Engaged"
497,"GILBERT SLEDGE",GILBERT.SLEDGE@sakilacustomer.org,1,28,129.72,0,"Active & Engaged"
505,"RAFAEL ABNEY",RAFAEL.ABNEY@sakilacustomer.org,1,21,97.79,0,"Active & Engaged"
508,"MILTON HOWLAND",MILTON.HOWLAND@sakilacustomer.org,1,25,127.75,0,"Active & Engaged"
512,"CECIL VINES",CECIL.VINES@sakilacustomer.org,1,26,115.74,0,"Active & Engaged"
516,"ELMER NOE",ELMER.NOE@sakilacustomer.org,1,26,98.74,0,"Active & Engaged"
521,"ROLAND SOUTH",ROLAND.SOUTH@sakilacustomer.org,1,23,80.77,0,"Active & Engaged"
525,"ADRIAN CLARY",ADRIAN.CLARY@sakilacustomer.org,1,19,74.81,0,"Active & Engaged"
527,"CORY MEEHAN",CORY.MEEHAN@sakilacustomer.org,1,24,81.76,0,"Active & Engaged"
530,"DARRYL ASHCRAFT",DARRYL.ASHCRAFT@sakilacustomer.org,1,23,76.77,0,"Active & Engaged"
532,"NEIL RENNER",NEIL.RENNER@sakilacustomer.org,1,32,152.68,0,"Active & Engaged"
533,"JESSIE MILAM",JESSIE.MILAM@sakilacustomer.org,1,33,141.67,0,"Active & Engaged"
534,"CHRISTIAN JUNG",CHRISTIAN.JUNG@sakilacustomer.org,0,24,88.76,0,"Inactive (Churned)"
537,"CLINTON BUFORD",CLINTON.BUFORD@sakilacustomer.org,1,25,103.75,0,"Active & Engaged"
548,"ALLAN CORNISH",ALLAN.CORNISH@sakilacustomer.org,1,19,79.81,0,"Active & Engaged"
550,"GUY BROWNLEE",GUY.BROWNLEE@sakilacustomer.org,1,32,159.68,0,"Active & Engaged"
557,"FELIX GAFFNEY",FELIX.GAFFNEY@sakilacustomer.org,1,24,73.76,0,"Active & Engaged"
560,"JORDAN ARCHULETA",JORDAN.ARCHULETA@sakilacustomer.org,1,30,132.70,0,"Active & Engaged"
561,"IAN STILL",IAN.STILL@sakilacustomer.org,1,27,96.73,0,"Active & Engaged"
568,"ALBERTO HENNING",ALBERTO.HENNING@sakilacustomer.org,1,21,66.79,0,"Active & Engaged"
570,"IVAN CROMWELL",IVAN.CROMWELL@sakilacustomer.org,1,26,99.74,0,"Active & Engaged"
576,"MORRIS MCCARTER",MORRIS.MCCARTER@sakilacustomer.org,1,34,139.66,0,"Active & Engaged"
579,"DARYL LARUE",DARYL.LARUE@sakilacustomer.org,1,27,111.73,0,"Active & Engaged"
582,"ANDY VANHORN",ANDY.VANHORN@sakilacustomer.org,1,25,113.75,0,"Active & Engaged"
585,"PERRY SWAFFORD",PERRY.SWAFFORD@sakilacustomer.org,1,24,117.76,0,"Active & Engaged"
587,"SERGIO STANFIELD",SERGIO.STANFIELD@sakilacustomer.org,1,26,108.74,0,"Active & Engaged"
590,"SETH HANNON",SETH.HANNON@sakilacustomer.org,1,25,112.75,0,"Active & Engaged"
592,"TERRANCE ROUSH",TERRANCE.ROUSH@sakilacustomer.org,0,29,111.71,0,"Inactive (Churned)"
596,"ENRIQUE FORSYTHE",ENRIQUE.FORSYTHE@sakilacustomer.org,1,28,96.72,0,"Active & Engaged"
597,"FREDDIE DUGGAN",FREDDIE.DUGGAN@sakilacustomer.org,1,25,99.75,0,"Active & Engaged"
