rank_in_category,total_revenue,title,category_name,rating,description,actors,special_features
1,1842.48,"SATURDAY LAMBS",Sports,G,"A Thoughtful Reflection of a Mad Scientist And a Moose who must Kill a Husband in A Baloon","VIVIEN BERGEN, VIVIEN BERGEN, VIVIEN BERGEN, VIVIEN BERGEN, VIVIEN BERGEN, VIVIEN BERGEN, VIVIEN BERGEN, VIVIEN BERGEN, VIVIEN BERGEN, VIVIEN BERGEN, VIVIEN BERGEN, VIVIEN BERGEN, VIVIEN BERGEN, VIVIEN BERGEN, VIVIEN BERGEN, VIVIEN BERGEN, VIVIEN BERGEN, VIVIEN BERGEN, VIVIEN BERGEN, VIVIEN BERGEN, VIVIEN BERGEN, VIVIEN BERGEN, VIVIEN BERGEN, VIVIEN BERGEN, VIVIEN BERGEN, VIVIEN BERGEN, VIVIEN BERGEN, VIVIEN BERGEN, RIP CRAWFORD, RIP CRAWFORD, RIP CRAWFORD, RIP CRAWFORD, RIP CRAWFORD, RIP CRAWFORD, RIP CRAWFORD, RIP CRAWFORD, RIP CRAWFORD, RIP CRAWFORD, RIP CRAWFORD, RIP CRAWFORD, RIP CRAWFORD, RIP CRAWFORD, RIP CRAWFORD, RIP CRAWFORD, RIP CRAWFORD, RIP CRAWFORD, RIP CRAWFORD, RIP CRAWFORD, RIP CRAWFORD, RIP CRAWFORD, RIP CRAWFORD, RIP CRAWFORD, RIP CRAWFORD, RIP CRAWFORD, RIP CRAWFORD, RIP CRAWFORD, MENA HOPPER, MENA HOPPER, MENA HOPPER, MENA HOPPER, MENA HOPPER, MENA HOPPER, MENA HOPPER, MENA HOPPER, MENA HOPPER, MENA HOPPER, MENA HOPPER, MENA HOPPER, MENA HOPPER, MENA HOPPER, MENA HOPPER, MENA HOPPER, MENA","Commentaries,Deleted Scenes"
2,1302.66,"DURHAM PANKY",Sports,R,"A Brilliant Panorama of a Girl And a Boy who must Face a Mad Scientist in An Abandoned Mine Shaft","SCARLETT BENING, SCARLETT BENING, SCARLETT BENING, SCARLETT BENING, SCARLETT BENING, SCARLETT BENING, SCARLETT BENING, SCARLETT BENING, SCARLETT BENING, SCARLETT BENING, SCARLETT BENING, SCARLETT BENING, SCARLETT BENING, SCARLETT BENING, SCARLETT BENING, SCARLETT BENING, SCARLETT BENING, SCARLETT BENING, SCARLETT BENING, SCARLETT BENING, SCARLETT BENING, SCARLETT BENING, SCARLETT BENING, SCARLETT BENING, SCARLETT BENING, SCARLETT BENING, SUSAN DAVIS, SUSAN DAVIS, SUSAN DAVIS, SUSAN DAVIS, SUSAN DAVIS, SUSAN DAVIS, SUSAN DAVIS, SUSAN DAVIS, SUSAN DAVIS, SUSAN DAVIS, SUSAN DAVIS, SUSAN DAVIS, SUSAN DAVIS, SUSAN DAVIS, SUSAN DAVIS, SUSAN DAVIS, SUSAN DAVIS, SUSAN DAVIS, SUSAN DAVIS, SUSAN DAVIS, SUSAN DAVIS, SUSAN DAVIS, SUSAN DAVIS, SUSAN DAVIS, SUSAN DAVIS, SUSAN DAVIS, WOODY HOFFMAN, WOODY HOFFMAN, WOODY HOFFMAN, WOODY HOFFMAN, WOODY HOFFMAN, WOODY HOFFMAN, WOODY HOFFMAN, WOODY HOFFMAN, WOODY HOFFMAN, WOODY HOFFMAN, WOODY HOFFMAN, WOODY HOFFMAN, WOODY HOFFMAN, WOODY HOFFMAN, WOODY HOFFMAN, WOODY HOFFMAN, WOOD","Trailers,Commentaries"
3,1093.60,"GLEAMING JAWBREAKER",Sports,NC-17,"A Amazing Display of a Composer And a Forensic Psychologist who must Discover a Car in The Canadian Rockies","RIVER DEAN, RIVER DEAN, RIVER DEAN, RIVER DEAN, RIVER DEAN, RIVER DEAN, RIVER DEAN, RIVER DEAN, RIVER DEAN, RIVER DEAN, RIVER DEAN, RIVER DEAN, RIVER DEAN, RIVER DEAN, RIVER DEAN, RIVER DEAN, RIVER DEAN, RIVER DEAN, RIVER DEAN, RIVER DEAN, RIVER DEAN, RIVER DEAN, RIVER DEAN, RIVER DEAN, RIVER DEAN, RIVER DEAN, RIVER DEAN, RIVER DEAN, RIVER DEAN, NICK DEGENERES, NICK DEGENERES, NICK DEGENERES, NICK DEGENERES, NICK DEGENERES, NICK DEGENERES, NICK DEGENERES, NICK DEGENERES, NICK DEGENERES, NICK DEGENERES, NICK DEGENERES, NICK DEGENERES, NICK DEGENERES, NICK DEGENERES, NICK DEGENERES, NICK DEGENERES, NICK DEGENERES, NICK DEGENERES, NICK DEGENERES, NICK DEGENERES, NICK DEGENERES, NICK DEGENERES, NICK DEGENERES, NICK DEGENERES, NICK DEGENERES, NICK DEGENERES, NICK DEGENERES, NICK DEGENERES, NICK DEGENERES, PENELOPE GUINESS, PENELOPE GUINESS, PENELOPE GUINESS, PENELOPE GUINESS, PENELOPE GUINESS, PENELOPE GUINESS, PENELOPE GUINESS, PENELOPE GUINESS, PENELOPE GUINESS, PENELOPE GUINESS, PENELOPE GUINESS, PENELOPE GUINE","Trailers,Commentaries"
4,1054.16,"ALADDIN CALENDAR",Sports,NC-17,"A Action-Packed Tale of a Man And a Lumberjack who must Reach a Feminist in Ancient China","VAL BOLGER, VAL BOLGER, VAL BOLGER, VAL BOLGER, VAL BOLGER, VAL BOLGER, VAL BOLGER, VAL BOLGER, VAL BOLGER, VAL BOLGER, VAL BOLGER, VAL BOLGER, VAL BOLGER, VAL BOLGER, VAL BOLGER, VAL BOLGER, VAL BOLGER, VAL BOLGER, VAL BOLGER, VAL BOLGER, VAL BOLGER, VAL BOLGER, VAL BOLGER, JUDY DEAN, JUDY DEAN, JUDY DEAN, JUDY DEAN, JUDY DEAN, JUDY DEAN, JUDY DEAN, JUDY DEAN, JUDY DEAN, JUDY DEAN, JUDY DEAN, JUDY DEAN, JUDY DEAN, JUDY DEAN, JUDY DEAN, JUDY DEAN, JUDY DEAN, JUDY DEAN, JUDY DEAN, JUDY DEAN, JUDY DEAN, JUDY DEAN, JUDY DEAN, ROCK DUKAKIS, ROCK DUKAKIS, ROCK DUKAKIS, ROCK DUKAKIS, ROCK DUKAKIS, ROCK DUKAKIS, ROCK DUKAKIS, ROCK DUKAKIS, ROCK DUKAKIS, ROCK DUKAKIS, ROCK DUKAKIS, ROCK DUKAKIS, ROCK DUKAKIS, ROCK DUKAKIS, ROCK DUKAKIS, ROCK DUKAKIS, ROCK DUKAKIS, ROCK DUKAKIS, ROCK DUKAKIS, ROCK DUKAKIS, ROCK DUKAKIS, ROCK DUKAKIS, ROCK DUKAKIS, RAY JOHANSSON, RAY JOHANSSON, RAY JOHANSSON, RAY JOHANSSON, RAY JOHANSSON, RAY JOHANSSON, RAY JOHANSSON, RAY JOHANSSON, RAY JOHANSSON, RAY JOHANSSON, RAY JOHANSSON, RAY JOHA","Trailers,Deleted Scenes"
5,858.60,"ROSES TREASURE",Sports,PG-13,"A Astounding Panorama of a Monkey And a Secret Agent who must Defeat a Woman in The First Manned Space Station","HUMPHREY GARLAND, HUMPHREY GARLAND, HUMPHREY GARLAND, HUMPHREY GARLAND, HUMPHREY GARLAND, HUMPHREY GARLAND, HUMPHREY GARLAND, HUMPHREY GARLAND, HUMPHREY GARLAND, HUMPHREY GARLAND, HUMPHREY GARLAND, HUMPHREY GARLAND, HUMPHREY GARLAND, HUMPHREY GARLAND, HUMPHREY GARLAND, HUMPHREY GARLAND, HUMPHREY GARLAND, HUMPHREY GARLAND, HUMPHREY GARLAND, HUMPHREY GARLAND, HUMPHREY GARLAND, HUMPHREY GARLAND, HUMPHREY GARLAND, HUMPHREY GARLAND, HUMPHREY GARLAND, HUMPHREY GARLAND, HUMPHREY GARLAND, HUMPHREY GARLAND, MARY KEITEL, MARY KEITEL, MARY KEITEL, MARY KEITEL, MARY KEITEL, MARY KEITEL, MARY KEITEL, MARY KEITEL, MARY KEITEL, MARY KEITEL, MARY KEITEL, MARY KEITEL, MARY KEITEL, MARY KEITEL, MARY KEITEL, MARY KEITEL, MARY KEITEL, MARY KEITEL, MARY KEITEL, MARY KEITEL, MARY KEITEL, MARY KEITEL, MARY KEITEL, MARY KEITEL, MARY KEITEL, MARY KEITEL, MARY KEITEL, MARY KEITEL, CUBA OLIVIER, CUBA OLIVIER, CUBA OLIVIER, CUBA OLIVIER, CUBA OLIVIER, CUBA OLIVIER, CUBA OLIVIER, CUBA OLIVIER, CUBA OLIVIER, CUBA OLIVIER, CUBA OLIVIER, CU","Commentaries,Deleted Scenes,Behind the Scenes"
6,850.38,"CHANCE RESURRECTION",Sports,R,"A Astounding Story of a Forensic Psychologist And a Forensic Psychologist who must Overcome a Moose in Ancient China","CHRISTIAN AKROYD, CHRISTIAN AKROYD, CHRISTIAN AKROYD, CHRISTIAN AKROYD, CHRISTIAN AKROYD, CHRISTIAN AKROYD, CHRISTIAN AKROYD, CHRISTIAN AKROYD, CHRISTIAN AKROYD, CHRISTIAN AKROYD, CHRISTIAN AKROYD, CHRISTIAN AKROYD, CHRISTIAN AKROYD, CHRISTIAN AKROYD, CHRISTIAN AKROYD, CHRISTIAN AKROYD, CHRISTIAN AKROYD, CHRISTIAN AKROYD, CHRISTIAN AKROYD, CHRISTIAN AKROYD, CHRISTIAN AKROYD, CHRISTIAN AKROYD, CHRISTIAN AKROYD, CHRISTIAN AKROYD, CHRISTIAN AKROYD, CHRISTIAN AKROYD, CHRISTIAN AKROYD, MERYL ALLEN, MERYL ALLEN, MERYL ALLEN, MERYL ALLEN, MERYL ALLEN, MERYL ALLEN, MERYL ALLEN, MERYL ALLEN, MERYL ALLEN, MERYL ALLEN, MERYL ALLEN, MERYL ALLEN, MERYL ALLEN, MERYL ALLEN, MERYL ALLEN, MERYL ALLEN, MERYL ALLEN, MERYL ALLEN, MERYL ALLEN, MERYL ALLEN, MERYL ALLEN, MERYL ALLEN, MERYL ALLEN, MERYL ALLEN, MERYL ALLEN, MERYL ALLEN, MERYL ALLEN, WHOOPI HURT, WHOOPI HURT, WHOOPI HURT, WHOOPI HURT, WHOOPI HURT, WHOOPI HURT, WHOOPI HURT, WHOOPI HURT, WHOOPI HURT, WHOOPI HURT, WHOOPI HURT, WHOOPI HURT, WHOOPI HURT, WHOOPI HURT, WHOOP","Commentaries,Deleted Scenes,Behind the Scenes"
7,845.46,"IMAGE PRINCESS",Sports,PG-13,"A Lacklusture Panorama of a Secret Agent And a Crocodile who must Discover a Madman in The Canadian Rockies","KIRSTEN AKROYD, KIRSTEN AKROYD, KIRSTEN AKROYD, KIRSTEN AKROYD, KIRSTEN AKROYD, KIRSTEN AKROYD, KIRSTEN AKROYD, KIRSTEN AKROYD, KIRSTEN AKROYD, KIRSTEN AKROYD, KIRSTEN AKROYD, KIRSTEN AKROYD, KIRSTEN AKROYD, KIRSTEN AKROYD, ZERO CAGE, ZERO CAGE, ZERO CAGE, ZERO CAGE, ZERO CAGE, ZERO CAGE, ZERO CAGE, ZERO CAGE, ZERO CAGE, ZERO CAGE, ZERO CAGE, ZERO CAGE, ZERO CAGE, ZERO CAGE, ED CHASE, ED CHASE, ED CHASE, ED CHASE, ED CHASE, ED CHASE, ED CHASE, ED CHASE, ED CHASE, ED CHASE, ED CHASE, ED CHASE, ED CHASE, ED CHASE, FRED COSTNER, FRED COSTNER, FRED COSTNER, FRED COSTNER, FRED COSTNER, FRED COSTNER, FRED COSTNER, FRED COSTNER, FRED COSTNER, FRED COSTNER, FRED COSTNER, FRED COSTNER, FRED COSTNER, FRED COSTNER, SCARLETT DAMON, SCARLETT DAMON, SCARLETT DAMON, SCARLETT DAMON, SCARLETT DAMON, SCARLETT DAMON, SCARLETT DAMON, SCARLETT DAMON, SCARLETT DAMON, SCARLETT DAMON, SCARLETT DAMON, SCARLETT DAMON, SCARLETT DAMON, SCARLETT DAMON, LUCILLE DEE, LUCILLE DEE, LUCILLE DEE, LUCILLE DEE, LUCILLE DEE, LUCILLE DEE, LUCILLE ","Trailers,Commentaries,Deleted Scenes"
8,834.46,"HOLES BRANNIGAN",Sports,PG,"A Fast-Paced Reflection of a Technical Writer And a Student who must Fight a Boy in The Canadian Rockies","KARL BERRY, KARL BERRY, KARL BERRY, KARL BERRY, KARL BERRY, KARL BERRY, KARL BERRY, KARL BERRY, KARL BERRY, KARL BERRY, KARL BERRY, KARL BERRY, KARL BERRY, KARL BERRY, KARL BERRY, KEVIN BLOOM, KEVIN BLOOM, KEVIN BLOOM, KEVIN BLOOM, KEVIN BLOOM, KEVIN BLOOM, KEVIN BLOOM, KEVIN BLOOM, KEVIN BLOOM, KEVIN BLOOM, KEVIN BLOOM, KEVIN BLOOM, KEVIN BLOOM, KEVIN BLOOM, KEVIN BLOOM, MATTHEW CARREY, MATTHEW CARREY, MATTHEW CARREY, MATTHEW CARREY, MATTHEW CARREY, MATTHEW CARREY, MATTHEW CARREY, MATTHEW CARREY, MATTHEW CARREY, MATTHEW CARREY, MATTHEW CARREY, MATTHEW CARREY, MATTHEW CARREY, MATTHEW CARREY, MATTHEW CARREY, GREGORY GOODING, GREGORY GOODING, GREGORY GOODING, GREGORY GOODING, GREGORY GOODING, GREGORY GOODING, GREGORY GOODING, GREGORY GOODING, GREGORY GOODING, GREGORY GOODING, GREGORY GOODING, GREGORY GOODING, GREGORY GOODING, GREGORY GOODING, GREGORY GOODING, NATALIE HOPKINS, NATALIE HOPKINS, NATALIE HOPKINS, NATALIE HOPKINS, NATALIE HOPKINS, NATALIE HOPKINS, NATALIE HOPKINS, NATALIE HOPKINS, NATALIE HOPKINS, N","Commentaries,Behind the Scenes"
9,817.02,"FLATLINERS KILLER",Sports,G,"A Taut Display of a Secret Agent And a Waitress who must Sink a Robot in An Abandoned Mine Shaft","RUSSELL BACALL, RUSSELL BACALL, RUSSELL BACALL, RUSSELL BACALL, RUSSELL BACALL, RUSSELL BACALL, RUSSELL BACALL, RUSSELL BACALL, RUSSELL BACALL, RUSSELL BACALL, RUSSELL BACALL, RUSSELL BACALL, RUSSELL BACALL, RUSSELL BACALL, RUSSELL BACALL, RUSSELL BACALL, RUSSELL BACALL, RUSSELL BACALL, RUSSELL BACALL, RUSSELL BACALL, RUSSELL BACALL, RUSSELL BACALL, SCARLETT BENING, SCARLETT BENING, SCARLETT BENING, SCARLETT BENING, SCARLETT BENING, SCARLETT BENING, SCARLETT BENING, SCARLETT BENING, SCARLETT BENING, SCARLETT BENING, SCARLETT BENING, SCARLETT BENING, SCARLETT BENING, SCARLETT BENING, SCARLETT BENING, SCARLETT BENING, SCARLETT BENING, SCARLETT BENING, SCARLETT BENING, SCARLETT BENING, SCARLETT BENING, SCARLETT BENING, ROCK DUKAKIS, ROCK DUKAKIS, ROCK DUKAKIS, ROCK DUKAKIS, ROCK DUKAKIS, ROCK DUKAKIS, ROCK DUKAKIS, ROCK DUKAKIS, ROCK DUKAKIS, ROCK DUKAKIS, ROCK DUKAKIS, ROCK DUKAKIS, ROCK DUKAKIS, ROCK DUKAKIS, ROCK DUKAKIS, ROCK DUKAKIS, ROCK DUKAKIS, ROCK DUKAKIS, ROCK DUKAKIS, ROCK DUKAKIS, ROCK DUKAKIS, ROCK","Trailers,Commentaries,Deleted Scenes"
10,801.02,"INSTINCT AIRPORT",Sports,PG,"A Touching Documentary of a Mad Cow And a Explorer who must Confront a Butler in A Manhattan Penthouse","JOHNNY CAGE, JOHNNY CAGE, JOHNNY CAGE, JOHNNY CAGE, JOHNNY CAGE, JOHNNY CAGE, JOHNNY CAGE, JOHNNY CAGE, JOHNNY CAGE, JOHNNY CAGE, JOHNNY CAGE, JOHNNY CAGE, JOHNNY CAGE, JOHNNY CAGE, JOHNNY CAGE, JOHNNY CAGE, JOHNNY CAGE, JOHNNY CAGE, PENELOPE CRONYN, PENELOPE CRONYN, PENELOPE CRONYN, PENELOPE CRONYN, PENELOPE CRONYN, PENELOPE CRONYN, PENELOPE CRONYN, PENELOPE CRONYN, PENELOPE CRONYN, PENELOPE CRONYN, PENELOPE CRONYN, PENELOPE CRONYN, PENELOPE CRONYN, PENELOPE CRONYN, PENELOPE CRONYN, PENELOPE CRONYN, PENELOPE CRONYN, PENELOPE CRONYN, JENNIFER DAVIS, JENNIFER DAVIS, JENNIFER DAVIS, JENNIFER DAVIS, JENNIFER DAVIS, JENNIFER DAVIS, JENNIFER DAVIS, JENNIFER DAVIS, JENNIFER DAVIS, JENNIFER DAVIS, JENNIFER DAVIS, JENNIFER DAVIS, JENNIFER DAVIS, JENNIFER DAVIS, JENNIFER DAVIS, JENNIFER DAVIS, JENNIFER DAVIS, JENNIFER DAVIS, SYLVESTER DERN, SYLVESTER DERN, SYLVESTER DERN, SYLVESTER DERN, SYLVESTER DERN, SYLVESTER DERN, SYLVESTER DERN, SYLVESTER DERN, SYLVESTER DERN, SYLVESTER DERN, SYLVESTER DERN, SYLVESTER DERN, SYLV","Commentaries,Deleted Scenes"
1,1677.52,"GOODFELLAS SALUTE",Sci-Fi,PG,"A Unbelieveable Tale of a Dog And a Explorer who must Sink a Mad Cow in A Baloon Factory","SUSAN DAVIS, SUSAN DAVIS, SUSAN DAVIS, SUSAN DAVIS, SUSAN DAVIS, SUSAN DAVIS, SUSAN DAVIS, SUSAN DAVIS, SUSAN DAVIS, SUSAN DAVIS, SUSAN DAVIS, SUSAN DAVIS, SUSAN DAVIS, SUSAN DAVIS, SUSAN DAVIS, SUSAN DAVIS, SUSAN DAVIS, SUSAN DAVIS, SUSAN DAVIS, SUSAN DAVIS, SUSAN DAVIS, SUSAN DAVIS, SUSAN DAVIS, SUSAN DAVIS, SUSAN DAVIS, SUSAN DAVIS, SUSAN DAVIS, SUSAN DAVIS, SUSAN DAVIS, SUSAN DAVIS, SUSAN DAVIS, GINA DEGENERES, GINA DEGENERES, GINA DEGENERES, GINA DEGENERES, GINA DEGENERES, GINA DEGENERES, GINA DEGENERES, GINA DEGENERES, GINA DEGENERES, GINA DEGENERES, GINA DEGENERES, GINA DEGENERES, GINA DEGENERES, GINA DEGENERES, GINA DEGENERES, GINA DEGENERES, GINA DEGENERES, GINA DEGENERES, GINA DEGENERES, GINA DEGENERES, GINA DEGENERES, GINA DEGENERES, GINA DEGENERES, GINA DEGENERES, GINA DEGENERES, GINA DEGENERES, GINA DEGENERES, GINA DEGENERES, GINA DEGENERES, GINA DEGENERES, GINA DEGENERES, JOHNNY LOLLOBRIGIDA, JOHNNY LOLLOBRIGIDA, JOHNNY LOLLOBRIGIDA, JOHNNY LOLLOBRIGIDA, JOHNNY LOLLOBRIGIDA, JOHNNY LOLLOBRIGIDA,","Deleted Scenes"
2,1411.97,"TITANS JERK",Sci-Fi,PG,"A Unbelieveable Panorama of a Feminist And a Sumo Wrestler who must Challenge a Technical Writer in Ancient China","KIM ALLEN, KIM ALLEN, KIM ALLEN, KIM ALLEN, KIM ALLEN, KIM ALLEN, KIM ALLEN, KIM ALLEN, KIM ALLEN, KIM ALLEN, KIM ALLEN, KIM ALLEN, KIM ALLEN, KIM ALLEN, KIM ALLEN, KIM ALLEN, KIM ALLEN, KIM ALLEN, KIM ALLEN, KIM ALLEN, KIM ALLEN, KIM ALLEN, KIM ALLEN, KIM ALLEN, KIM ALLEN, KIM ALLEN, KIM ALLEN, KIM ALLEN, KIM ALLEN, GREG CHAPLIN, GREG CHAPLIN, GREG CHAPLIN, GREG CHAPLIN, GREG CHAPLIN, GREG CHAPLIN, GREG CHAPLIN, GREG CHAPLIN, GREG CHAPLIN, GREG CHAPLIN, GREG CHAPLIN, GREG CHAPLIN, GREG CHAPLIN, GREG CHAPLIN, GREG CHAPLIN, GREG CHAPLIN, GREG CHAPLIN, GREG CHAPLIN, GREG CHAPLIN, GREG CHAPLIN, GREG CHAPLIN, GREG CHAPLIN, GREG CHAPLIN, GREG CHAPLIN, GREG CHAPLIN, GREG CHAPLIN, GREG CHAPLIN, GREG CHAPLIN, GREG CHAPLIN, SIDNEY CROWE, SIDNEY CROWE, SIDNEY CROWE, SIDNEY CROWE, SIDNEY CROWE, SIDNEY CROWE, SIDNEY CROWE, SIDNEY CROWE, SIDNEY CROWE, SIDNEY CROWE, SIDNEY CROWE, SIDNEY CROWE, SIDNEY CROWE, SIDNEY CROWE, SIDNEY CROWE, SIDNEY CROWE, SIDNEY CROWE, SIDNEY CROWE, SIDNEY CROWE, SIDNEY CROWE, SIDNEY CROWE, SIDNE","Behind the Scenes"
3,1024.11,"OPEN AFRICAN",Sci-Fi,PG,"A Lacklusture Drama of a Secret Agent And a Explorer who must Discover a Car in A U-Boat","VIVIEN BASINGER, VIVIEN BASINGER, VIVIEN BASINGER, VIVIEN BASINGER, VIVIEN BASINGER, VIVIEN BASINGER, VIVIEN BASINGER, VIVIEN BASINGER, VIVIEN BASINGER, VIVIEN BASINGER, VIVIEN BASINGER, VIVIEN BASINGER, VIVIEN BASINGER, VIVIEN BASINGER, VIVIEN BASINGER, VIVIEN BASINGER, VIVIEN BASINGER, VIVIEN BASINGER, VIVIEN BASINGER, VIVIEN BASINGER, VIVIEN BASINGER, JUDE CRUISE, JUDE CRUISE, JUDE CRUISE, JUDE CRUISE, JUDE CRUISE, JUDE CRUISE, JUDE CRUISE, JUDE CRUISE, JUDE CRUISE, JUDE CRUISE, JUDE CRUISE, JUDE CRUISE, JUDE CRUISE, JUDE CRUISE, JUDE CRUISE, JUDE CRUISE, JUDE CRUISE, JUDE CRUISE, JUDE CRUISE, JUDE CRUISE, JUDE CRUISE, GINA DEGENERES, GINA DEGENERES, GINA DEGENERES, GINA DEGENERES, GINA DEGENERES, GINA DEGENERES, GINA DEGENERES, GINA DEGENERES, GINA DEGENERES, GINA DEGENERES, GINA DEGENERES, GINA DEGENERES, GINA DEGENERES, GINA DEGENERES, GINA DEGENERES, GINA DEGENERES, GINA DEGENERES, GINA DEGENERES, GINA DEGENERES, GINA DEGENERES, GINA DEGENERES, ADAM HOPPER, ADAM HOPPER, ADAM HOPPER, ADAM HOPPER, ADAM H","Trailers,Commentaries"
4,790.44,"METROPOLIS COMA",Sci-Fi,PG-13,"A Emotional Saga of a Database Administrator And a Pastry Chef who must Confront a Teacher in A Baloon Factory","CUBA ALLEN, CUBA ALLEN, CUBA ALLEN, CUBA ALLEN, CUBA ALLEN, CUBA ALLEN, CUBA ALLEN, CUBA ALLEN, CUBA ALLEN, CUBA ALLEN, CUBA ALLEN, CUBA ALLEN, CUBA ALLEN, CUBA ALLEN, CUBA ALLEN, CUBA ALLEN, CUBA ALLEN, CUBA ALLEN, CUBA ALLEN, CUBA ALLEN, CUBA ALLEN, CUBA ALLEN, CUBA ALLEN, CUBA ALLEN, CUBA ALLEN, CUBA ALLEN, VAL BOLGER, VAL BOLGER, VAL BOLGER, VAL BOLGER, VAL BOLGER, VAL BOLGER, VAL BOLGER, VAL BOLGER, VAL BOLGER, VAL BOLGER, VAL BOLGER, VAL BOLGER, VAL BOLGER, VAL BOLGER, VAL BOLGER, VAL BOLGER, VAL BOLGER, VAL BOLGER, VAL BOLGER, VAL BOLGER, VAL BOLGER, VAL BOLGER, VAL BOLGER, VAL BOLGER, VAL BOLGER, VAL BOLGER, RAY JOHANSSON, RAY JOHANSSON, RAY JOHANSSON, RAY JOHANSSON, RAY JOHANSSON, RAY JOHANSSON, RAY JOHANSSON, RAY JOHANSSON, RAY JOHANSSON, RAY JOHANSSON, RAY JOHANSSON, RAY JOHANSSON, RAY JOHANSSON, RAY JOHANSSON, RAY JOHANSSON, RAY JOHANSSON, RAY JOHANSSON, RAY JOHANSSON, RAY JOHANSSON, RAY JOHANSSON, RAY JOHANSSON, RAY JOHANSSON, RAY JOHANSSON, RAY JOHANSSON, RAY JOHANSSON, RAY JOHANSSON, JIM MOSTEL","Trailers,Commentaries,Behind the Scenes"
5,748.20,"WEEKEND PERSONAL",Sci-Fi,R,"A Fast-Paced Documentary of a Car And a Butler who must Find a Frisbee in A Jet Boat","VIVIEN BASINGER, VIVIEN BASINGER, VIVIEN BASINGER, VIVIEN BASINGER, VIVIEN BASINGER, VIVIEN BASINGER, VIVIEN BASINGER, VIVIEN BASINGER, VIVIEN BASINGER, VIVIEN BASINGER, VIVIEN BASINGER, VIVIEN BASINGER, VIVIEN BASINGER, VIVIEN BASINGER, VIVIEN BASINGER, VIVIEN BASINGER, VIVIEN BASINGER, VIVIEN BASINGER, ED CHASE, ED CHASE, ED CHASE, ED CHASE, ED CHASE, ED CHASE, ED CHASE, ED CHASE, ED CHASE, ED CHASE, ED CHASE, ED CHASE, ED CHASE, ED CHASE, ED CHASE, ED CHASE, ED CHASE, ED CHASE, FRED COSTNER, FRED COSTNER, FRED COSTNER, FRED COSTNER, FRED COSTNER, FRED COSTNER, FRED COSTNER, FRED COSTNER, FRED COSTNER, FRED COSTNER, FRED COSTNER, FRED COSTNER, FRED COSTNER, FRED COSTNER, FRED COSTNER, FRED COSTNER, FRED COSTNER, FRED COSTNER, SPENCER DEPP, SPENCER DEPP, SPENCER DEPP, SPENCER DEPP, SPENCER DEPP, SPENCER DEPP, SPENCER DEPP, SPENCER DEPP, SPENCER DEPP, SPENCER DEPP, SPENCER DEPP, SPENCER DEPP, SPENCER DEPP, SPENCER DEPP, SPENCER DEPP, SPENCER DEPP, SPENCER DEPP, SPENCER DEPP, SYLVESTER DERN, SYLVESTER DERN, SY","Trailers,Commentaries,Deleted Scenes,Behind the Scenes"
6,743.90,"WONDERLAND CHRISTMAS",Sci-Fi,PG,"A Awe-Inspiring Character Study of a Waitress And a Car who must Pursue a Mad Scientist in The First Manned Space Station","HARRISON BALE, HARRISON BALE, HARRISON BALE, HARRISON BALE, HARRISON BALE, HARRISON BALE, HARRISON BALE, HARRISON BALE, HARRISON BALE, HARRISON BALE, HARRISON BALE, HARRISON BALE, HARRISON BALE, HARRISON BALE, HARRISON BALE, HARRISON BALE, HARRISON BALE, HARRISON BALE, HARRISON BALE, HARRISON BALE, HARRISON BALE, HARRISON BALE, CHRIS BRIDGES, CHRIS BRIDGES, CHRIS BRIDGES, CHRIS BRIDGES, CHRIS BRIDGES, CHRIS BRIDGES, CHRIS BRIDGES, CHRIS BRIDGES, CHRIS BRIDGES, CHRIS BRIDGES, CHRIS BRIDGES, CHRIS BRIDGES, CHRIS BRIDGES, CHRIS BRIDGES, CHRIS BRIDGES, CHRIS BRIDGES, CHRIS BRIDGES, CHRIS BRIDGES, CHRIS BRIDGES, CHRIS BRIDGES, CHRIS BRIDGES, CHRIS BRIDGES, HUMPHREY GARLAND, HUMPHREY GARLAND, HUMPHREY GARLAND, HUMPHREY GARLAND, HUMPHREY GARLAND, HUMPHREY GARLAND, HUMPHREY GARLAND, HUMPHREY GARLAND, HUMPHREY GARLAND, HUMPHREY GARLAND, HUMPHREY GARLAND, HUMPHREY GARLAND, HUMPHREY GARLAND, HUMPHREY GARLAND, HUMPHREY GARLAND, HUMPHREY GARLAND, HUMPHREY GARLAND, HUMPHREY GARLAND, HUMPHREY GARLAND, HUMPHREY GARLAND, HUMP",Commentaries
7,713.90,"FIDDLER LOST",Sci-Fi,R,"A Boring Tale of a Squirrel And a Dog who must Challenge a Madman in The Gulf of Mexico","RUSSELL BACALL, RUSSELL BACALL, RUSSELL BACALL, RUSSELL BACALL, RUSSELL BACALL, RUSSELL BACALL, RUSSELL BACALL, RUSSELL BACALL, RUSSELL BACALL, RUSSELL BACALL, SCARLETT BENING, SCARLETT BENING, SCARLETT BENING, SCARLETT BENING, SCARLETT BENING, SCARLETT BENING, SCARLETT BENING, SCARLETT BENING, SCARLETT BENING, SCARLETT BENING, FRANCES DAY-LEWIS, FRANCES DAY-LEWIS, FRANCES DAY-LEWIS, FRANCES DAY-LEWIS, FRANCES DAY-LEWIS, FRANCES DAY-LEWIS, FRANCES DAY-LEWIS, FRANCES DAY-LEWIS, FRANCES DAY-LEWIS, FRANCES DAY-LEWIS, TIM HACKMAN, TIM HACKMAN, TIM HACKMAN, TIM HACKMAN, TIM HACKMAN, TIM HACKMAN, TIM HACKMAN, TIM HACKMAN, TIM HACKMAN, TIM HACKMAN, MEG HAWKE, MEG HAWKE, MEG HAWKE, MEG HAWKE, MEG HAWKE, MEG HAWKE, MEG HAWKE, MEG HAWKE, MEG HAWKE, MEG HAWKE, CATE MCQUEEN, CATE MCQUEEN, CATE MCQUEEN, CATE MCQUEEN, CATE MCQUEEN, CATE MCQUEEN, CATE MCQUEEN, CATE MCQUEEN, CATE MCQUEEN, CATE MCQUEEN, SPENCER PECK, SPENCER PECK, SPENCER PECK, SPENCER PECK, SPENCER PECK, SPENCER PECK, SPENCER PECK, SPENCER PECK, SPENCER PECK","Deleted Scenes,Behind the Scenes"
8,670.88,"DAISY MENAGERIE",Sci-Fi,G,"A Fast-Paced Saga of a Pastry Chef And a Monkey who must Sink a Composer in Ancient India","GOLDIE BRODY, GOLDIE BRODY, GOLDIE BRODY, GOLDIE BRODY, GOLDIE BRODY, GOLDIE BRODY, GOLDIE BRODY, GOLDIE BRODY, GOLDIE BRODY, GOLDIE BRODY, GOLDIE BRODY, GOLDIE BRODY, GOLDIE BRODY, GOLDIE BRODY, GOLDIE BRODY, GOLDIE BRODY, JODIE DEGENERES, JODIE DEGENERES, JODIE DEGENERES, JODIE DEGENERES, JODIE DEGENERES, JODIE DEGENERES, JODIE DEGENERES, JODIE DEGENERES, JODIE DEGENERES, JODIE DEGENERES, JODIE DEGENERES, JODIE DEGENERES, JODIE DEGENERES, JODIE DEGENERES, JODIE DEGENERES, JODIE DEGENERES, CARMEN HUNT, CARMEN HUNT, CARMEN HUNT, CARMEN HUNT, CARMEN HUNT, CARMEN HUNT, CARMEN HUNT, CARMEN HUNT, CARMEN HUNT, CARMEN HUNT, CARMEN HUNT, CARMEN HUNT, CARMEN HUNT, CARMEN HUNT, CARMEN HUNT, CARMEN HUNT, MILLA KEITEL, MILLA KEITEL, MILLA KEITEL, MILLA KEITEL, MILLA KEITEL, MILLA KEITEL, MILLA KEITEL, MILLA KEITEL, MILLA KEITEL, MILLA KEITEL, MILLA KEITEL, MILLA KEITEL, MILLA KEITEL, MILLA KEITEL, MILLA KEITEL, MILLA KEITEL, MINNIE KILMER, MINNIE KILMER, MINNIE KILMER, MINNIE KILMER, MINNIE KILMER, MINNIE KILMER, MINNIE","Trailers,Commentaries,Behind the Scenes"
9,658.55,"BINGO TALENTED",Sci-Fi,PG-13,"A Touching Tale of a Girl And a Crocodile who must Discover a Waitress in Nigeria","RENEE BALL, RENEE BALL, RENEE BALL, RENEE BALL, RENEE BALL, RENEE BALL, RENEE BALL, RENEE BALL, RENEE BALL, RENEE BALL, RENEE BALL, RENEE BALL, RENEE BALL, RENEE BALL, RENEE BALL, RENEE BALL, RENEE BALL, RENEE BALL, RENEE BALL, RENEE BALL, RENEE BALL, RENEE BALL, RENEE BALL, RENEE BALL, RENEE BALL, RENEE BALL, RENEE BALL, RENEE BALL, RENEE BALL, GOLDIE BRODY, GOLDIE BRODY, GOLDIE BRODY, GOLDIE BRODY, GOLDIE BRODY, GOLDIE BRODY, GOLDIE BRODY, GOLDIE BRODY, GOLDIE BRODY, GOLDIE BRODY, GOLDIE BRODY, GOLDIE BRODY, GOLDIE BRODY, GOLDIE BRODY, GOLDIE BRODY, GOLDIE BRODY, GOLDIE BRODY, GOLDIE BRODY, GOLDIE BRODY, GOLDIE BRODY, GOLDIE BRODY, GOLDIE BRODY, GOLDIE BRODY, GOLDIE BRODY, GOLDIE BRODY, GOLDIE BRODY, GOLDIE BRODY, GOLDIE BRODY, GOLDIE BRODY, JON CHASE, JON CHASE, JON CHASE, JON CHASE, JON CHASE, JON CHASE, JON CHASE, JON CHASE, JON CHASE, JON CHASE, JON CHASE, JON CHASE, JON CHASE, JON CHASE, JON CHASE, JON CHASE, JON CHASE, JON CHASE, JON CHASE, JON CHASE, JON CHASE, JON CHASE, JON CHASE, JON CHASE, JON CH","Trailers,Commentaries"
10,654.40,"TROJAN TOMORROW",Sci-Fi,PG,"A Astounding Panorama of a Husband And a Sumo Wrestler who must Pursue a Boat in Ancient India","ANGELINA ASTAIRE, ANGELINA ASTAIRE, ANGELINA ASTAIRE, ANGELINA ASTAIRE, ANGELINA ASTAIRE, ANGELINA ASTAIRE, ANGELINA ASTAIRE, ANGELINA ASTAIRE, ANGELINA ASTAIRE, ANGELINA ASTAIRE, ANGELINA ASTAIRE, ANGELINA ASTAIRE, ANGELINA ASTAIRE, ANGELINA ASTAIRE, ANGELINA ASTAIRE, ANGELINA ASTAIRE, ANGELINA ASTAIRE, ANGELINA ASTAIRE, ANGELINA ASTAIRE, CHRIS BRIDGES, CHRIS BRIDGES, CHRIS BRIDGES, CHRIS BRIDGES, CHRIS BRIDGES, CHRIS BRIDGES, CHRIS BRIDGES, CHRIS BRIDGES, CHRIS BRIDGES, CHRIS BRIDGES, CHRIS BRIDGES, CHRIS BRIDGES, CHRIS BRIDGES, CHRIS BRIDGES, CHRIS BRIDGES, CHRIS BRIDGES, CHRIS BRIDGES, CHRIS BRIDGES, CHRIS BRIDGES, SUSAN DAVIS, SUSAN DAVIS, SUSAN DAVIS, SUSAN DAVIS, SUSAN DAVIS, SUSAN DAVIS, SUSAN DAVIS, SUSAN DAVIS, SUSAN DAVIS, SUSAN DAVIS, SUSAN DAVIS, SUSAN DAVIS, SUSAN DAVIS, SUSAN DAVIS, SUSAN DAVIS, SUSAN DAVIS, SUSAN DAVIS, SUSAN DAVIS, SUSAN DAVIS, JODIE DEGENERES, JODIE DEGENERES, JODIE DEGENERES, JODIE DEGENERES, JODIE DEGENERES, JODIE DEGENERES, JODIE DEGENERES, JODIE DEGENERES, JODIE DEGENERE","Commentaries,Deleted Scenes"
1,1857.24,"TITANIC BOONDOCK",Animation,R,"A Brilliant Reflection of a Feminist And a Dog who must Fight a Boy in A Baloon Factory","MATTHEW CARREY, MATTHEW CARREY, MATTHEW CARREY, MATTHEW CARREY, MATTHEW CARREY, MATTHEW CARREY, MATTHEW CARREY, MATTHEW CARREY, MATTHEW CARREY, MATTHEW CARREY, MATTHEW CARREY, MATTHEW CARREY, MATTHEW CARREY, MATTHEW CARREY, MATTHEW CARREY, MATTHEW CARREY, MATTHEW CARREY, MATTHEW CARREY, MATTHEW CARREY, MATTHEW CARREY, MATTHEW CARREY, MATTHEW CARREY, MATTHEW CARREY, PENELOPE CRONYN, PENELOPE CRONYN, PENELOPE CRONYN, PENELOPE CRONYN, PENELOPE CRONYN, PENELOPE CRONYN, PENELOPE CRONYN, PENELOPE CRONYN, PENELOPE CRONYN, PENELOPE CRONYN, PENELOPE CRONYN, PENELOPE CRONYN, PENELOPE CRONYN, PENELOPE CRONYN, PENELOPE CRONYN, PENELOPE CRONYN, PENELOPE CRONYN, PENELOPE CRONYN, PENELOPE CRONYN, PENELOPE CRONYN, PENELOPE CRONYN, PENELOPE CRONYN, PENELOPE CRONYN, JULIANNE DENCH, JULIANNE DENCH, JULIANNE DENCH, JULIANNE DENCH, JULIANNE DENCH, JULIANNE DENCH, JULIANNE DENCH, JULIANNE DENCH, JULIANNE DENCH, JULIANNE DENCH, JULIANNE DENCH, JULIANNE DENCH, JULIANNE DENCH, JULIANNE DENCH, JULIANNE DENCH, JULIANNE DENCH, JULIANNE ","Trailers,Commentaries,Deleted Scenes,Behind the Scenes"
2,1250.90,"DOGMA FAMILY",Animation,G,"A Brilliant Character Study of a Database Administrator And a Monkey who must Succumb a Astronaut in New Orleans","HENRY BERRY, HENRY BERRY, HENRY BERRY, HENRY BERRY, HENRY BERRY, HENRY BERRY, HENRY BERRY, HENRY BERRY, HENRY BERRY, HENRY BERRY, HENRY BERRY, HENRY BERRY, HENRY BERRY, HENRY BERRY, HENRY BERRY, HENRY BERRY, HENRY BERRY, HENRY BERRY, HENRY BERRY, HENRY BERRY, HENRY BERRY, HENRY BERRY, HENRY BERRY, HENRY BERRY, HENRY BERRY, HENRY BERRY, HENRY BERRY, HENRY BERRY, HENRY BERRY, HENRY BERRY, SIDNEY CROWE, SIDNEY CROWE, SIDNEY CROWE, SIDNEY CROWE, SIDNEY CROWE, SIDNEY CROWE, SIDNEY CROWE, SIDNEY CROWE, SIDNEY CROWE, SIDNEY CROWE, SIDNEY CROWE, SIDNEY CROWE, SIDNEY CROWE, SIDNEY CROWE, SIDNEY CROWE, SIDNEY CROWE, SIDNEY CROWE, SIDNEY CROWE, SIDNEY CROWE, SIDNEY CROWE, SIDNEY CROWE, SIDNEY CROWE, SIDNEY CROWE, SIDNEY CROWE, SIDNEY CROWE, SIDNEY CROWE, SIDNEY CROWE, SIDNEY CROWE, SIDNEY CROWE, SIDNEY CROWE, RIVER DEAN, RIVER DEAN, RIVER DEAN, RIVER DEAN, RIVER DEAN, RIVER DEAN, RIVER DEAN, RIVER DEAN, RIVER DEAN, RIVER DEAN, RIVER DEAN, RIVER DEAN, RIVER DEAN, RIVER DEAN, RIVER DEAN, RIVER DEAN, RIVER DEAN, RIVER DEAN",Commentaries
3,1114.29,"DOORS PRESIDENT",Animation,NC-17,"A Awe-Inspiring Display of a Squirrel And a Woman who must Overcome a Boy in The Gulf of Mexico","CHRISTIAN AKROYD, CHRISTIAN AKROYD, CHRISTIAN AKROYD, CHRISTIAN AKROYD, CHRISTIAN AKROYD, CHRISTIAN AKROYD, CHRISTIAN AKROYD, CHRISTIAN AKROYD, CHRISTIAN AKROYD, CHRISTIAN AKROYD, CHRISTIAN AKROYD, CHRISTIAN AKROYD, CHRISTIAN AKROYD, CHRISTIAN AKROYD, CHRISTIAN AKROYD, CHRISTIAN AKROYD, CHRISTIAN AKROYD, CHRISTIAN AKROYD, CHRISTIAN AKROYD, KIM ALLEN, KIM ALLEN, KIM ALLEN, KIM ALLEN, KIM ALLEN, KIM ALLEN, KIM ALLEN, KIM ALLEN, KIM ALLEN, KIM ALLEN, KIM ALLEN, KIM ALLEN, KIM ALLEN, KIM ALLEN, KIM ALLEN, KIM ALLEN, KIM ALLEN, KIM ALLEN, KIM ALLEN, KARL BERRY, KARL BERRY, KARL BERRY, KARL BERRY, KARL BERRY, KARL BERRY, KARL BERRY, KARL BERRY, KARL BERRY, KARL BERRY, KARL BERRY, KARL BERRY, KARL BERRY, KARL BERRY, KARL BERRY, KARL BERRY, KARL BERRY, KARL BERRY, KARL BERRY, SYLVESTER DERN, SYLVESTER DERN, SYLVESTER DERN, SYLVESTER DERN, SYLVESTER DERN, SYLVESTER DERN, SYLVESTER DERN, SYLVESTER DERN, SYLVESTER DERN, SYLVESTER DERN, SYLVESTER DERN, SYLVESTER DERN, SYLVESTER DERN, SYLVESTER DERN, SYLVESTER DERN, SYLVE","Trailers,Commentaries,Deleted Scenes,Behind the Scenes"
4,1053.36,"OZ LIAISONS",Animation,R,"A Epic Yarn of a Mad Scientist And a Cat who must Confront a Womanizer in A Baloon Factory","SIDNEY CROWE, SIDNEY CROWE, SIDNEY CROWE, SIDNEY CROWE, SIDNEY CROWE, SIDNEY CROWE, SIDNEY CROWE, SIDNEY CROWE, SIDNEY CROWE, SIDNEY CROWE, SIDNEY CROWE, SIDNEY CROWE, SIDNEY CROWE, SIDNEY CROWE, SIDNEY CROWE, SIDNEY CROWE, SIDNEY CROWE, SIDNEY CROWE, SIDNEY CROWE, SIDNEY CROWE, SIDNEY CROWE, SIDNEY CROWE, SIDNEY CROWE, SIDNEY CROWE, WARREN JACKMAN, WARREN JACKMAN, WARREN JACKMAN, WARREN JACKMAN, WARREN JACKMAN, WARREN JACKMAN, WARREN JACKMAN, WARREN JACKMAN, WARREN JACKMAN, WARREN JACKMAN, WARREN JACKMAN, WARREN JACKMAN, WARREN JACKMAN, WARREN JACKMAN, WARREN JACKMAN, WARREN JACKMAN, WARREN JACKMAN, WARREN JACKMAN, WARREN JACKMAN, WARREN JACKMAN, WARREN JACKMAN, WARREN JACKMAN, WARREN JACKMAN, WARREN JACKMAN, SANDRA KILMER, SANDRA KILMER, SANDRA KILMER, SANDRA KILMER, SANDRA KILMER, SANDRA KILMER, SANDRA KILMER, SANDRA KILMER, SANDRA KILMER, SANDRA KILMER, SANDRA KILMER, SANDRA KILMER, SANDRA KILMER, SANDRA KILMER, SANDRA KILMER, SANDRA KILMER, SANDRA KILMER, SANDRA KILMER, SANDRA KILMER, SANDRA KILMER, SAND","Commentaries,Deleted Scenes,Behind the Scenes"
5,1009.25,"TELEMARK HEARTBREAKERS",Animation,PG-13,"A Action-Packed Panorama of a Technical Writer And a Man who must Build a Forensic Psychologist in A Manhattan Penthouse","VIVIEN BASINGER, VIVIEN BASINGER, VIVIEN BASINGER, VIVIEN BASINGER, VIVIEN BASINGER, VIVIEN BASINGER, VIVIEN BASINGER, VIVIEN BASINGER, VIVIEN BASINGER, VIVIEN BASINGER, VIVIEN BASINGER, VIVIEN BASINGER, VIVIEN BASINGER, VIVIEN BASINGER, VIVIEN BASINGER, VIVIEN BASINGER, VIVIEN BASINGER, VIVIEN BASINGER, VIVIEN BASINGER, VIVIEN BASINGER, VIVIEN BASINGER, VIVIEN BASINGER, VIVIEN BASINGER, VIVIEN BASINGER, VIVIEN BASINGER, KARL BERRY, KARL BERRY, KARL BERRY, KARL BERRY, KARL BERRY, KARL BERRY, KARL BERRY, KARL BERRY, KARL BERRY, KARL BERRY, KARL BERRY, KARL BERRY, KARL BERRY, KARL BERRY, KARL BERRY, KARL BERRY, KARL BERRY, KARL BERRY, KARL BERRY, KARL BERRY, KARL BERRY, KARL BERRY, KARL BERRY, KARL BERRY, KARL BERRY, MICHAEL BOLGER, MICHAEL BOLGER, MICHAEL BOLGER, MICHAEL BOLGER, MICHAEL BOLGER, MICHAEL BOLGER, MICHAEL BOLGER, MICHAEL BOLGER, MICHAEL BOLGER, MICHAEL BOLGER, MICHAEL BOLGER, MICHAEL BOLGER, MICHAEL BOLGER, MICHAEL BOLGER, MICHAEL BOLGER, MICHAEL BOLGER, MICHAEL BOLGER, MICHAEL BOLGER, MICHAEL BOL","Trailers,Commentaries,Deleted Scenes,Behind the Scenes"
6,902.08,"HORN WORKING",Animation,PG,"A Stunning Display of a Mad Scientist And a Technical Writer who must Succumb a Monkey in A Shark Tank","ZERO CAGE, ZERO CAGE, ZERO CAGE, ZERO CAGE, ZERO CAGE, ZERO CAGE, ZERO CAGE, ZERO CAGE, ZERO CAGE, ZERO CAGE, ZERO CAGE, ZERO CAGE, ZERO CAGE, ZERO CAGE, ZERO CAGE, ZERO CAGE, ZERO CAGE, ZERO CAGE, ZERO CAGE, ZERO CAGE, ZERO CAGE, ZERO CAGE, ZERO CAGE, ZERO CAGE, ANNE CRONYN, ANNE CRONYN, ANNE CRONYN, ANNE CRONYN, ANNE CRONYN, ANNE CRONYN, ANNE CRONYN, ANNE CRONYN, ANNE CRONYN, ANNE CRONYN, ANNE CRONYN, ANNE CRONYN, ANNE CRONYN, ANNE CRONYN, ANNE CRONYN, ANNE CRONYN, ANNE CRONYN, ANNE CRONYN, ANNE CRONYN, ANNE CRONYN, ANNE CRONYN, ANNE CRONYN, ANNE CRONYN, ANNE CRONYN, SEAN GUINESS, SEAN GUINESS, SEAN GUINESS, SEAN GUINESS, SEAN GUINESS, SEAN GUINESS, SEAN GUINESS, SEAN GUINESS, SEAN GUINESS, SEAN GUINESS, SEAN GUINESS, SEAN GUINESS, SEAN GUINESS, SEAN GUINESS, SEAN GUINESS, SEAN GUINESS, SEAN GUINESS, SEAN GUINESS, SEAN GUINESS, SEAN GUINESS, SEAN GUINESS, SEAN GUINESS, SEAN GUINESS, SEAN GUINESS, GENE MCKELLEN, GENE MCKELLEN, GENE MCKELLEN, GENE MCKELLEN, GENE MCKELLEN, GENE MCKELLEN, GENE MCKELLEN, GENE MC",Trailers
7,870.12,"JUGGLER HARDLY",Animation,PG-13,"A Epic Story of a Mad Cow And a Astronaut who must Challenge a Car in California","MERYL GIBSON, MERYL GIBSON, MERYL GIBSON, MERYL GIBSON, MERYL GIBSON, MERYL GIBSON, MERYL GIBSON, MERYL GIBSON, MERYL GIBSON, MERYL GIBSON, MERYL GIBSON, MERYL GIBSON, MERYL GIBSON, MERYL GIBSON, MERYL GIBSON, MERYL GIBSON, MERYL GIBSON, MERYL GIBSON, MERYL GIBSON, MERYL GIBSON, MERYL GIBSON, MERYL GIBSON, MERYL GIBSON, MERYL GIBSON, MERYL GIBSON, MERYL GIBSON, MERYL GIBSON, MERYL GIBSON, MERYL GIBSON, MERYL GIBSON, MERYL GIBSON, MERYL GIBSON, EWAN GOODING, EWAN GOODING, EWAN GOODING, EWAN GOODING, EWAN GOODING, EWAN GOODING, EWAN GOODING, EWAN GOODING, EWAN GOODING, EWAN GOODING, EWAN GOODING, EWAN GOODING, EWAN GOODING, EWAN GOODING, EWAN GOODING, EWAN GOODING, EWAN GOODING, EWAN GOODING, EWAN GOODING, EWAN GOODING, EWAN GOODING, EWAN GOODING, EWAN GOODING, EWAN GOODING, EWAN GOODING, EWAN GOODING, EWAN GOODING, EWAN GOODING, EWAN GOODING, EWAN GOODING, EWAN GOODING, EWAN GOODING, ED GUINESS, ED GUINESS, ED GUINESS, ED GUINESS, ED GUINESS, ED GUINESS, ED GUINESS, ED GUINESS, ED GUINESS, ED GUINESS, ED GUINE","Trailers,Commentaries"
8,853.80,"SUNRISE LEAGUE",Animation,PG-13,"A Beautiful Epistle of a Madman And a Butler who must Face a Crocodile in A Manhattan Penthouse","RUSSELL BACALL, RUSSELL BACALL, RUSSELL BACALL, RUSSELL BACALL, RUSSELL BACALL, RUSSELL BACALL, RUSSELL BACALL, RUSSELL BACALL, RUSSELL BACALL, RUSSELL BACALL, RUSSELL BACALL, RUSSELL BACALL, RUSSELL BACALL, RUSSELL BACALL, RUSSELL BACALL, RUSSELL BACALL, RUSSELL BACALL, RUSSELL BACALL, RUSSELL BACALL, RUSSELL BACALL, RUSSELL BACALL, RUSSELL BACALL, RUSSELL BACALL, RUSSELL BACALL, JOHNNY LOLLOBRIGIDA, JOHNNY LOLLOBRIGIDA, JOHNNY LOLLOBRIGIDA, JOHNNY LOLLOBRIGIDA, JOHNNY LOLLOBRIGIDA, JOHNNY LOLLOBRIGIDA, JOHNNY LOLLOBRIGIDA, JOHNNY LOLLOBRIGIDA, JOHNNY LOLLOBRIGIDA, JOHNNY LOLLOBRIGIDA, JOHNNY LOLLOBRIGIDA, JOHNNY LOLLOBRIGIDA, JOHNNY LOLLOBRIGIDA, JOHNNY LOLLOBRIGIDA, JOHNNY LOLLOBRIGIDA, JOHNNY LOLLOBRIGIDA, JOHNNY LOLLOBRIGIDA, JOHNNY LOLLOBRIGIDA, JOHNNY LOLLOBRIGIDA, JOHNNY LOLLOBRIGIDA, JOHNNY LOLLOBRIGIDA, JOHNNY LOLLOBRIGIDA, JOHNNY LOLLOBRIGIDA, JOHNNY LOLLOBRIGIDA, TOM MIRANDA, TOM MIRANDA, TOM MIRANDA, TOM MIRANDA, TOM MIRANDA, TOM MIRANDA, TOM MIRANDA, TOM MIRANDA, TOM MIRANDA, TOM MIRANDA, TOM MI","Behind the Scenes"
9,824.67,"THIEF PELICAN",Animation,PG-13,"A Touching Documentary of a Madman And a Mad Scientist who must Outrace a Feminist in An Abandoned Mine Shaft","HARRISON BALE, HARRISON BALE, HARRISON BALE, HARRISON BALE, HARRISON BALE, HARRISON BALE, HARRISON BALE, HARRISON BALE, HARRISON BALE, HARRISON BALE, HARRISON BALE, HARRISON BALE, HARRISON BALE, HARRISON BALE, HARRISON BALE, HARRISON BALE, HARRISON BALE, HARRISON BALE, HARRISON BALE, JOHNNY CAGE, JOHNNY CAGE, JOHNNY CAGE, JOHNNY CAGE, JOHNNY CAGE, JOHNNY CAGE, JOHNNY CAGE, JOHNNY CAGE, JOHNNY CAGE, JOHNNY CAGE, JOHNNY CAGE, JOHNNY CAGE, JOHNNY CAGE, JOHNNY CAGE, JOHNNY CAGE, JOHNNY CAGE, JOHNNY CAGE, JOHNNY CAGE, JOHNNY CAGE, JAYNE NOLTE, WARREN NOLTE, JAYNE NOLTE, JAYNE NOLTE, WARREN NOLTE, WARREN NOLTE, WARREN NOLTE, WARREN NOLTE, JAYNE NOLTE, JAYNE NOLTE, WARREN NOLTE, JAYNE NOLTE, WARREN NOLTE, JAYNE NOLTE, JAYNE NOLTE, WARREN NOLTE, WARREN NOLTE, JAYNE NOLTE, WARREN NOLTE, JAYNE NOLTE, WARREN NOLTE, JAYNE NOLTE, JAYNE NOLTE, JAYNE NOLTE, WARREN NOLTE, WARREN NOLTE, WARREN NOLTE, WARREN NOLTE, JAYNE NOLTE, JAYNE NOLTE, WARREN NOLTE, JAYNE NOLTE, JAYNE NOLTE, WARREN NOLTE, JAYNE NOLTE, WARREN NOLTE, JAYNE ","Deleted Scenes,Behind the Scenes"
10,754.11,"WAIT CIDER",Animation,PG-13,"A Intrepid Epistle of a Woman And a Forensic Psychologist who must Succumb a Astronaut in A Manhattan Penthouse","KIM ALLEN, KIM ALLEN, KIM ALLEN, KIM ALLEN, KIM ALLEN, KIM ALLEN, KIM ALLEN, KIM ALLEN, KIM ALLEN, KIM ALLEN, KIM ALLEN, KIM ALLEN, KIM ALLEN, KIM ALLEN, KIM ALLEN, KIM ALLEN, KIM ALLEN, KIM ALLEN, KIM ALLEN, KIM ALLEN, KIM ALLEN, JULIA FAWCETT, JULIA FAWCETT, JULIA FAWCETT, JULIA FAWCETT, JULIA FAWCETT, JULIA FAWCETT, JULIA FAWCETT, JULIA FAWCETT, JULIA FAWCETT, JULIA FAWCETT, JULIA FAWCETT, JULIA FAWCETT, JULIA FAWCETT, JULIA FAWCETT, JULIA FAWCETT, JULIA FAWCETT, JULIA FAWCETT, JULIA FAWCETT, JULIA FAWCETT, JULIA FAWCETT, JULIA FAWCETT, KEVIN GARLAND, KEVIN GARLAND, KEVIN GARLAND, KEVIN GARLAND, KEVIN GARLAND, KEVIN GARLAND, KEVIN GARLAND, KEVIN GARLAND, KEVIN GARLAND, KEVIN GARLAND, KEVIN GARLAND, KEVIN GARLAND, KEVIN GARLAND, KEVIN GARLAND, KEVIN GARLAND, KEVIN GARLAND, KEVIN GARLAND, KEVIN GARLAND, KEVIN GARLAND, KEVIN GARLAND, KEVIN GARLAND, WOODY HOFFMAN, WOODY HOFFMAN, WOODY HOFFMAN, WOODY HOFFMAN, WOODY HOFFMAN, WOODY HOFFMAN, WOODY HOFFMAN, WOODY HOFFMAN, WOODY HOFFMAN, WOODY HOFFMAN, WOODY HOFFMAN",Trailers
1,1350.16,"SCORPION APOLLO",Drama,NC-17,"A Awe-Inspiring Documentary of a Technical Writer And a Husband who must Meet a Monkey in An Abandoned Fun House","LIZA BERGMAN, LIZA BERGMAN, LIZA BERGMAN, LIZA BERGMAN, LIZA BERGMAN, LIZA BERGMAN, LIZA BERGMAN, LIZA BERGMAN, LIZA BERGMAN, LIZA BERGMAN, LIZA BERGMAN, LIZA BERGMAN, LIZA BERGMAN, LIZA BERGMAN, LIZA BERGMAN, LIZA BERGMAN, LIZA BERGMAN, LIZA BERGMAN, LIZA BERGMAN, LIZA BERGMAN, LIZA BERGMAN, LIZA BERGMAN, LIZA BERGMAN, HENRY BERRY, HENRY BERRY, HENRY BERRY, HENRY BERRY, HENRY BERRY, HENRY BERRY, HENRY BERRY, HENRY BERRY, HENRY BERRY, HENRY BERRY, HENRY BERRY, HENRY BERRY, HENRY BERRY, HENRY BERRY, HENRY BERRY, HENRY BERRY, HENRY BERRY, HENRY BERRY, HENRY BERRY, HENRY BERRY, HENRY BERRY, HENRY BERRY, HENRY BERRY, BOB FAWCETT, BOB FAWCETT, BOB FAWCETT, BOB FAWCETT, BOB FAWCETT, BOB FAWCETT, BOB FAWCETT, BOB FAWCETT, BOB FAWCETT, BOB FAWCETT, BOB FAWCETT, BOB FAWCETT, BOB FAWCETT, BOB FAWCETT, BOB FAWCETT, BOB FAWCETT, BOB FAWCETT, BOB FAWCETT, BOB FAWCETT, BOB FAWCETT, BOB FAWCETT, BOB FAWCETT, BOB FAWCETT, KEVIN GARLAND, KEVIN GARLAND, KEVIN GARLAND, KEVIN GARLAND, KEVIN GARLAND, KEVIN GARLAND, KEVIN GARLAND,","Commentaries,Deleted Scenes"
2,1273.80,"SPICE SORORITY",Drama,NC-17,"A Fateful Display of a Pioneer And a Hunter who must Defeat a Husband in An Abandoned Mine Shaft","MICHAEL BENING, MICHAEL BENING, MICHAEL BENING, MICHAEL BENING, MICHAEL BENING, MICHAEL BENING, MICHAEL BENING, MICHAEL BENING, MICHAEL BENING, MICHAEL BENING, MICHAEL BENING, MICHAEL BENING, MICHAEL BENING, MICHAEL BENING, MICHAEL BENING, MICHAEL BENING, MICHAEL BENING, MICHAEL BENING, MICHAEL BENING, MICHAEL BENING, JON CHASE, ED CHASE, JON CHASE, ED CHASE, ED CHASE, ED CHASE, JON CHASE, JON CHASE, JON CHASE, ED CHASE, JON CHASE, ED CHASE, ED CHASE, JON CHASE, JON CHASE, ED CHASE, JON CHASE, ED CHASE, ED CHASE, JON CHASE, JON CHASE, ED CHASE, JON CHASE, JON CHASE, ED CHASE, ED CHASE, ED CHASE, JON CHASE, ED CHASE, JON CHASE, ED CHASE, JON CHASE, JON CHASE, ED CHASE, ED CHASE, JON CHASE, JON CHASE, JON CHASE, ED CHASE, ED CHASE, SCARLETT DAMON, SCARLETT DAMON, SCARLETT DAMON, SCARLETT DAMON, SCARLETT DAMON, SCARLETT DAMON, SCARLETT DAMON, SCARLETT DAMON, SCARLETT DAMON, SCARLETT DAMON, SCARLETT DAMON, SCARLETT DAMON, SCARLETT DAMON, SCARLETT DAMON, SCARLETT DAMON, SCARLETT DAMON, SCARLETT DAMON, SCARLETT DAM","Trailers,Commentaries,Deleted Scenes,Behind the Scenes"
3,1230.75,"CONEHEADS SMOOCHY",Drama,NC-17,"A Touching Story of a Womanizer And a Composer who must Pursue a Husband in Nigeria","JULIA BARRYMORE, JULIA BARRYMORE, JULIA BARRYMORE, JULIA BARRYMORE, JULIA BARRYMORE, JULIA BARRYMORE, JULIA BARRYMORE, JULIA BARRYMORE, JULIA BARRYMORE, JULIA BARRYMORE, JULIA BARRYMORE, JULIA BARRYMORE, JULIA BARRYMORE, JULIA BARRYMORE, JULIA BARRYMORE, JULIA BARRYMORE, JULIA BARRYMORE, JULIA BARRYMORE, JULIA BARRYMORE, JULIA BARRYMORE, JULIA BARRYMORE, JULIA BARRYMORE, JULIA BARRYMORE, JULIA BARRYMORE, JULIA BARRYMORE, GINA DEGENERES, GINA DEGENERES, GINA DEGENERES, GINA DEGENERES, GINA DEGENERES, GINA DEGENERES, GINA DEGENERES, GINA DEGENERES, GINA DEGENERES, GINA DEGENERES, GINA DEGENERES, GINA DEGENERES, GINA DEGENERES, GINA DEGENERES, GINA DEGENERES, GINA DEGENERES, GINA DEGENERES, GINA DEGENERES, GINA DEGENERES, GINA DEGENERES, GINA DEGENERES, GINA DEGENERES, GINA DEGENERES, GINA DEGENERES, GINA DEGENERES, WARREN JACKMAN, WARREN JACKMAN, WARREN JACKMAN, WARREN JACKMAN, WARREN JACKMAN, WARREN JACKMAN, WARREN JACKMAN, WARREN JACKMAN, WARREN JACKMAN, WARREN JACKMAN, WARREN JACKMAN, WARREN JACKMAN, WARREN ","Deleted Scenes,Behind the Scenes"
4,1174.20,"HARRY IDAHO",Drama,PG-13,"A Taut Yarn of a Technical Writer And a Feminist who must Outrace a Dog in California","MATTHEW CARREY, MATTHEW CARREY, MATTHEW CARREY, MATTHEW CARREY, MATTHEW CARREY, MATTHEW CARREY, MATTHEW CARREY, MATTHEW CARREY, MATTHEW CARREY, MATTHEW CARREY, MATTHEW CARREY, MATTHEW CARREY, MATTHEW CARREY, MATTHEW CARREY, MATTHEW CARREY, MATTHEW CARREY, MATTHEW CARREY, MATTHEW CARREY, MATTHEW CARREY, MATTHEW CARREY, MATTHEW CARREY, MATTHEW CARREY, MATTHEW CARREY, MATTHEW CARREY, MATTHEW CARREY, MATTHEW CARREY, MATTHEW CARREY, MATTHEW CARREY, MATTHEW CARREY, MATTHEW CARREY, LUCILLE DEE, LUCILLE DEE, LUCILLE DEE, LUCILLE DEE, LUCILLE DEE, LUCILLE DEE, LUCILLE DEE, LUCILLE DEE, LUCILLE DEE, LUCILLE DEE, LUCILLE DEE, LUCILLE DEE, LUCILLE DEE, LUCILLE DEE, LUCILLE DEE, LUCILLE DEE, LUCILLE DEE, LUCILLE DEE, LUCILLE DEE, LUCILLE DEE, LUCILLE DEE, LUCILLE DEE, LUCILLE DEE, LUCILLE DEE, LUCILLE DEE, LUCILLE DEE, LUCILLE DEE, LUCILLE DEE, LUCILLE DEE, LUCILLE DEE, MORGAN HOPKINS, MORGAN HOPKINS, MORGAN HOPKINS, MORGAN HOPKINS, MORGAN HOPKINS, MORGAN HOPKINS, MORGAN HOPKINS, MORGAN HOPKINS, MORGAN HOPKINS, MORGAN HOP","Commentaries,Deleted Scenes"
5,1034.11,"LIES TREATMENT",Drama,NC-17,"A Fast-Paced Character Study of a Dentist And a Moose who must Defeat a Composer in The First Manned Space Station","JOHNNY CAGE, JOHNNY CAGE, JOHNNY CAGE, JOHNNY CAGE, JOHNNY CAGE, JOHNNY CAGE, JOHNNY CAGE, JOHNNY CAGE, JOHNNY CAGE, JOHNNY CAGE, JOHNNY CAGE, JOHNNY CAGE, JOHNNY CAGE, JOHNNY CAGE, JOHNNY CAGE, JOHNNY CAGE, JOHNNY CAGE, JOHNNY CAGE, JOHNNY CAGE, JOHNNY CAGE, JOHNNY CAGE, JOHNNY CAGE, JOHNNY CAGE, JOHNNY CAGE, JOHNNY CAGE, JOHNNY CAGE, JOHNNY CAGE, JON CHASE, JON CHASE, JON CHASE, JON CHASE, JON CHASE, JON CHASE, JON CHASE, JON CHASE, JON CHASE, JON CHASE, JON CHASE, JON CHASE, JON CHASE, JON CHASE, JON CHASE, JON CHASE, JON CHASE, JON CHASE, JON CHASE, JON CHASE, JON CHASE, JON CHASE, JON CHASE, JON CHASE, JON CHASE, JON CHASE, JON CHASE, DAN HARRIS, DAN HARRIS, DAN HARRIS, DAN HARRIS, DAN HARRIS, DAN HARRIS, DAN HARRIS, DAN HARRIS, DAN HARRIS, DAN HARRIS, DAN HARRIS, DAN HARRIS, DAN HARRIS, DAN HARRIS, DAN HARRIS, DAN HARRIS, DAN HARRIS, DAN HARRIS, DAN HARRIS, DAN HARRIS, DAN HARRIS, DAN HARRIS, DAN HARRIS, DAN HARRIS, DAN HARRIS, DAN HARRIS, DAN HARRIS, WARREN JACKMAN, WARREN JACKMAN, WARREN JACKMAN, WARR","Commentaries,Deleted Scenes,Behind the Scenes"
6,993.60,"TORQUE BOUND",Drama,G,"A Emotional Display of a Crocodile And a Husband who must Reach a Man in Ancient Japan","KENNETH HOFFMAN, KENNETH HOFFMAN, KENNETH HOFFMAN, KENNETH HOFFMAN, KENNETH HOFFMAN, KENNETH HOFFMAN, KENNETH HOFFMAN, KENNETH HOFFMAN, KENNETH HOFFMAN, KENNETH HOFFMAN, KENNETH HOFFMAN, KENNETH HOFFMAN, KENNETH HOFFMAN, KENNETH HOFFMAN, KENNETH HOFFMAN, KENNETH HOFFMAN, KENNETH HOFFMAN, KENNETH HOFFMAN, KENNETH HOFFMAN, KENNETH HOFFMAN, KENNETH HOFFMAN, KENNETH HOFFMAN, KENNETH HOFFMAN, KENNETH HOFFMAN, KENNETH HOFFMAN, KENNETH HOFFMAN, KENNETH HOFFMAN, GENE HOPKINS, NATALIE HOPKINS, GENE HOPKINS, NATALIE HOPKINS, GENE HOPKINS, NATALIE HOPKINS, GENE HOPKINS, NATALIE HOPKINS, GENE HOPKINS, NATALIE HOPKINS, GENE HOPKINS, NATALIE HOPKINS, GENE HOPKINS, NATALIE HOPKINS, NATALIE HOPKINS, GENE HOPKINS, GENE HOPKINS, NATALIE HOPKINS, NATALIE HOPKINS, GENE HOPKINS, GENE HOPKINS, NATALIE HOPKINS, GENE HOPKINS, NATALIE HOPKINS, GENE HOPKINS, NATALIE HOPKINS, GENE HOPKINS, NATALIE HOPKINS, GENE HOPKINS, NATALIE HOPKINS, GENE HOPKINS, NATALIE HOPKINS, GENE HOPKINS, NATALIE HOPKINS, NATALIE HOPKINS, NATALIE HOPKINS, GENE","Trailers,Commentaries"
7,982.50,"SEATTLE EXPECATIONS",Drama,PG-13,"A Insightful Reflection of a Crocodile And a Sumo Wrestler who must Meet a Technical Writer in The Sahara Desert","SCARLETT BENING, SCARLETT BENING, SCARLETT BENING, SCARLETT BENING, SCARLETT BENING, SCARLETT BENING, SCARLETT BENING, SCARLETT BENING, SCARLETT BENING, SCARLETT BENING, SCARLETT BENING, SCARLETT BENING, SCARLETT BENING, SCARLETT BENING, SCARLETT BENING, SCARLETT BENING, SCARLETT BENING, SCARLETT BENING, SCARLETT BENING, SCARLETT BENING, SCARLETT BENING, SCARLETT BENING, SCARLETT BENING, SCARLETT BENING, GREGORY GOODING, GREGORY GOODING, GREGORY GOODING, GREGORY GOODING, GREGORY GOODING, GREGORY GOODING, GREGORY GOODING, GREGORY GOODING, GREGORY GOODING, GREGORY GOODING, GREGORY GOODING, GREGORY GOODING, GREGORY GOODING, GREGORY GOODING, GREGORY GOODING, GREGORY GOODING, GREGORY GOODING, GREGORY GOODING, GREGORY GOODING, GREGORY GOODING, GREGORY GOODING, GREGORY GOODING, GREGORY GOODING, GREGORY GOODING, ELVIS MARX, ELVIS MARX, ELVIS MARX, ELVIS MARX, ELVIS MARX, ELVIS MARX, ELVIS MARX, ELVIS MARX, ELVIS MARX, ELVIS MARX, ELVIS MARX, ELVIS MARX, ELVIS MARX, ELVIS MARX, ELVIS MARX, ELVIS MARX, ELVIS MARX, ELVI",Trailers
8,943.56,"WEST LION",Drama,G,"A Intrepid Drama of a Butler And a Lumberjack who must Challenge a Database Administrator in A Manhattan Penthouse","CUBA ALLEN, CUBA ALLEN, CUBA ALLEN, CUBA ALLEN, CUBA ALLEN, CUBA ALLEN, CUBA ALLEN, CUBA ALLEN, CUBA ALLEN, CUBA ALLEN, CUBA ALLEN, CUBA ALLEN, CUBA ALLEN, CUBA ALLEN, CUBA ALLEN, CUBA ALLEN, ZERO CAGE, ZERO CAGE, ZERO CAGE, ZERO CAGE, ZERO CAGE, ZERO CAGE, ZERO CAGE, ZERO CAGE, ZERO CAGE, ZERO CAGE, ZERO CAGE, ZERO CAGE, ZERO CAGE, ZERO CAGE, ZERO CAGE, ZERO CAGE, HUMPHREY GARLAND, HUMPHREY GARLAND, HUMPHREY GARLAND, HUMPHREY GARLAND, HUMPHREY GARLAND, HUMPHREY GARLAND, HUMPHREY GARLAND, HUMPHREY GARLAND, HUMPHREY GARLAND, HUMPHREY GARLAND, HUMPHREY GARLAND, HUMPHREY GARLAND, HUMPHREY GARLAND, HUMPHREY GARLAND, HUMPHREY GARLAND, HUMPHREY GARLAND, GREGORY GOODING, GREGORY GOODING, GREGORY GOODING, GREGORY GOODING, GREGORY GOODING, GREGORY GOODING, GREGORY GOODING, GREGORY GOODING, GREGORY GOODING, GREGORY GOODING, GREGORY GOODING, GREGORY GOODING, GREGORY GOODING, GREGORY GOODING, GREGORY GOODING, GREGORY GOODING, MORGAN HOPKINS, MORGAN HOPKINS, MORGAN HOPKINS, MORGAN HOPKINS, MORGAN HOPKINS, MORGAN HOPKINS, ",Trailers
9,820.68,"QUEEN LUKE",Drama,PG,"A Astounding Story of a Girl And a Boy who must Challenge a Composer in New Orleans","RIVER DEAN, RIVER DEAN, RIVER DEAN, RIVER DEAN, RIVER DEAN, RIVER DEAN, RIVER DEAN, RIVER DEAN, RIVER DEAN, RIVER DEAN, RIVER DEAN, RIVER DEAN, RIVER DEAN, RIVER DEAN, RIVER DEAN, RIVER DEAN, RIVER DEAN, RIVER DEAN, RIVER DEAN, RIVER DEAN, RIVER DEAN, RIVER DEAN, EWAN GOODING, EWAN GOODING, EWAN GOODING, EWAN GOODING, EWAN GOODING, EWAN GOODING, EWAN GOODING, EWAN GOODING, EWAN GOODING, EWAN GOODING, EWAN GOODING, EWAN GOODING, EWAN GOODING, EWAN GOODING, EWAN GOODING, EWAN GOODING, EWAN GOODING, EWAN GOODING, EWAN GOODING, EWAN GOODING, EWAN GOODING, EWAN GOODING, SPENCER PECK, SPENCER PECK, SPENCER PECK, SPENCER PECK, SPENCER PECK, SPENCER PECK, SPENCER PECK, SPENCER PECK, SPENCER PECK, SPENCER PECK, SPENCER PECK, SPENCER PECK, SPENCER PECK, SPENCER PECK, SPENCER PECK, SPENCER PECK, SPENCER PECK, SPENCER PECK, SPENCER PECK, SPENCER PECK, SPENCER PECK, SPENCER PECK, JAYNE SILVERSTONE, JAYNE SILVERSTONE, JAYNE SILVERSTONE, JAYNE SILVERSTONE, JAYNE SILVERSTONE, JAYNE SILVERSTONE, JAYNE SILVERSTONE, JAYNE SILVE","Commentaries,Deleted Scenes,Behind the Scenes"
10,796.67,"HANGING DEEP",Drama,G,"A Action-Packed Yarn of a Boat And a Crocodile who must Build a Monkey in Berlin","JOHNNY CAGE, JOHNNY CAGE, JOHNNY CAGE, JOHNNY CAGE, JOHNNY CAGE, JOHNNY CAGE, JOHNNY CAGE, JOHNNY CAGE, JOHNNY CAGE, JOHNNY CAGE, JOHNNY CAGE, JOHNNY CAGE, JOHNNY CAGE, JOHNNY CAGE, JOHNNY CAGE, JOHNNY CAGE, JOHNNY CAGE, JOHNNY CAGE, JOHNNY CAGE, ROCK DUKAKIS, ROCK DUKAKIS, ROCK DUKAKIS, ROCK DUKAKIS, ROCK DUKAKIS, ROCK DUKAKIS, ROCK DUKAKIS, ROCK DUKAKIS, ROCK DUKAKIS, ROCK DUKAKIS, ROCK DUKAKIS, ROCK DUKAKIS, ROCK DUKAKIS, ROCK DUKAKIS, ROCK DUKAKIS, ROCK DUKAKIS, ROCK DUKAKIS, ROCK DUKAKIS, ROCK DUKAKIS, MERYL GIBSON, MERYL GIBSON, MERYL GIBSON, MERYL GIBSON, MERYL GIBSON, MERYL GIBSON, MERYL GIBSON, MERYL GIBSON, MERYL GIBSON, MERYL GIBSON, MERYL GIBSON, MERYL GIBSON, MERYL GIBSON, MERYL GIBSON, MERYL GIBSON, MERYL GIBSON, MERYL GIBSON, MERYL GIBSON, MERYL GIBSON, MATTHEW JOHANSSON, MATTHEW JOHANSSON, MATTHEW JOHANSSON, MATTHEW JOHANSSON, MATTHEW JOHANSSON, MATTHEW JOHANSSON, MATTHEW JOHANSSON, MATTHEW JOHANSSON, MATTHEW JOHANSSON, MATTHEW JOHANSSON, MATTHEW JOHANSSON, MATTHEW JOHANSSON, MATTHEW JOHANSSON","Trailers,Commentaries,Deleted Scenes"
1,1599.66,"VELVET TERMINATOR",Comedy,R,"A Lacklusture Tale of a Pastry Chef And a Technical Writer who must Confront a Crocodile in An Abandoned Amusement Park","MERYL ALLEN, CUBA ALLEN, CUBA ALLEN, MERYL ALLEN, MERYL ALLEN, CUBA ALLEN, MERYL ALLEN, CUBA ALLEN, CUBA ALLEN, MERYL ALLEN, CUBA ALLEN, MERYL ALLEN, CUBA ALLEN, MERYL ALLEN, CUBA ALLEN, MERYL ALLEN, MERYL ALLEN, CUBA ALLEN, MERYL ALLEN, CUBA ALLEN, CUBA ALLEN, MERYL ALLEN, MERYL ALLEN, CUBA ALLEN, MERYL ALLEN, CUBA ALLEN, MERYL ALLEN, CUBA ALLEN, CUBA ALLEN, MERYL ALLEN, CUBA ALLEN, MERYL ALLEN, CUBA ALLEN, MERYL ALLEN, CUBA ALLEN, MERYL ALLEN, CUBA ALLEN, MERYL ALLEN, MERYL ALLEN, CUBA ALLEN, MERYL ALLEN, CUBA ALLEN, MERYL ALLEN, MERYL ALLEN, CUBA ALLEN, CUBA ALLEN, MERYL ALLEN, CUBA ALLEN, CUBA ALLEN, MERYL ALLEN, MERYL ALLEN, CUBA ALLEN, JOHNNY CAGE, ZERO CAGE, JOHNNY CAGE, ZERO CAGE, JOHNNY CAGE, ZERO CAGE, ZERO CAGE, JOHNNY CAGE, JOHNNY CAGE, ZERO CAGE, JOHNNY CAGE, ZERO CAGE, ZERO CAGE, JOHNNY CAGE, JOHNNY CAGE, ZERO CAGE, ZERO CAGE, JOHNNY CAGE, ZERO CAGE, JOHNNY CAGE, JOHNNY CAGE, ZERO CAGE, ZERO CAGE, JOHNNY CAGE, JOHNNY CAGE, ZERO CAGE, ZERO CAGE, JOHNNY CAGE, JOHNNY CAGE, ZERO CAGE, JOHNNY CAGE, Z","Behind the Scenes"
2,1471.80,"PINOCCHIO SIMON",Comedy,PG,"A Action-Packed Reflection of a Mad Scientist And a A Shark who must Find a Feminist in California","LAURA BRODY, LAURA BRODY, LAURA BRODY, LAURA BRODY, LAURA BRODY, LAURA BRODY, LAURA BRODY, LAURA BRODY, LAURA BRODY, LAURA BRODY, LAURA BRODY, LAURA BRODY, LAURA BRODY, LAURA BRODY, LAURA BRODY, LAURA BRODY, LAURA BRODY, LAURA BRODY, LAURA BRODY, LAURA BRODY, RALPH CRUZ, RALPH CRUZ, RALPH CRUZ, RALPH CRUZ, RALPH CRUZ, RALPH CRUZ, RALPH CRUZ, RALPH CRUZ, RALPH CRUZ, RALPH CRUZ, RALPH CRUZ, RALPH CRUZ, RALPH CRUZ, RALPH CRUZ, RALPH CRUZ, RALPH CRUZ, RALPH CRUZ, RALPH CRUZ, RALPH CRUZ, RALPH CRUZ, RIVER DEAN, RIVER DEAN, RIVER DEAN, RIVER DEAN, RIVER DEAN, RIVER DEAN, RIVER DEAN, RIVER DEAN, RIVER DEAN, RIVER DEAN, RIVER DEAN, RIVER DEAN, RIVER DEAN, RIVER DEAN, RIVER DEAN, RIVER DEAN, RIVER DEAN, RIVER DEAN, RIVER DEAN, RIVER DEAN, MERYL GIBSON, MERYL GIBSON, MERYL GIBSON, MERYL GIBSON, MERYL GIBSON, MERYL GIBSON, MERYL GIBSON, MERYL GIBSON, MERYL GIBSON, MERYL GIBSON, MERYL GIBSON, MERYL GIBSON, MERYL GIBSON, MERYL GIBSON, MERYL GIBSON, MERYL GIBSON, MERYL GIBSON, MERYL GIBSON, MERYL GIBSON, MERYL GIBSON, BEN ","Commentaries,Behind the Scenes"
3,1036.32,"CLOSER BANG",Comedy,R,"A Unbelieveable Panorama of a Frisbee And a Hunter who must Vanquish a Monkey in Ancient India","JODIE DEGENERES, JODIE DEGENERES, JODIE DEGENERES, JODIE DEGENERES, JODIE DEGENERES, JODIE DEGENERES, JODIE DEGENERES, JODIE DEGENERES, JODIE DEGENERES, JODIE DEGENERES, JODIE DEGENERES, JODIE DEGENERES, JODIE DEGENERES, JODIE DEGENERES, JODIE DEGENERES, JODIE DEGENERES, JODIE DEGENERES, JODIE DEGENERES, JODIE DEGENERES, JODIE DEGENERES, JODIE DEGENERES, JODIE DEGENERES, JODIE DEGENERES, JODIE DEGENERES, JODIE DEGENERES, JODIE DEGENERES, JODIE DEGENERES, JODIE DEGENERES, JULIA FAWCETT, JULIA FAWCETT, JULIA FAWCETT, JULIA FAWCETT, JULIA FAWCETT, JULIA FAWCETT, JULIA FAWCETT, JULIA FAWCETT, JULIA FAWCETT, JULIA FAWCETT, JULIA FAWCETT, JULIA FAWCETT, JULIA FAWCETT, JULIA FAWCETT, JULIA FAWCETT, JULIA FAWCETT, JULIA FAWCETT, JULIA FAWCETT, JULIA FAWCETT, JULIA FAWCETT, JULIA FAWCETT, JULIA FAWCETT, JULIA FAWCETT, JULIA FAWCETT, JULIA FAWCETT, JULIA FAWCETT, JULIA FAWCETT, JULIA FAWCETT, ED GUINESS, ED GUINESS, ED GUINESS, ED GUINESS, ED GUINESS, ED GUINESS, ED GUINESS, ED GUINESS, ED GUINESS, ED GUINESS, ED GUINE","Trailers,Behind the Scenes"
4,977.35,"SUBMARINE BED",Comedy,R,"A Amazing Display of a Car And a Monkey who must Fight a Teacher in Soviet Georgia","CHRISTIAN AKROYD, CHRISTIAN AKROYD, CHRISTIAN AKROYD, CHRISTIAN AKROYD, CHRISTIAN AKROYD, CHRISTIAN AKROYD, CHRISTIAN AKROYD, CHRISTIAN AKROYD, CHRISTIAN AKROYD, CHRISTIAN AKROYD, CHRISTIAN AKROYD, CHRISTIAN AKROYD, CHRISTIAN AKROYD, CHRISTIAN AKROYD, CHRISTIAN AKROYD, SCARLETT BENING, SCARLETT BENING, SCARLETT BENING, SCARLETT BENING, SCARLETT BENING, SCARLETT BENING, SCARLETT BENING, SCARLETT BENING, SCARLETT BENING, SCARLETT BENING, SCARLETT BENING, SCARLETT BENING, SCARLETT BENING, SCARLETT BENING, SCARLETT BENING, SIDNEY CROWE, SIDNEY CROWE, SIDNEY CROWE, SIDNEY CROWE, SIDNEY CROWE, SIDNEY CROWE, SIDNEY CROWE, SIDNEY CROWE, SIDNEY CROWE, SIDNEY CROWE, SIDNEY CROWE, SIDNEY CROWE, SIDNEY CROWE, SIDNEY CROWE, SIDNEY CROWE, RALPH CRUZ, RALPH CRUZ, RALPH CRUZ, RALPH CRUZ, RALPH CRUZ, RALPH CRUZ, RALPH CRUZ, RALPH CRUZ, RALPH CRUZ, RALPH CRUZ, RALPH CRUZ, RALPH CRUZ, RALPH CRUZ, RALPH CRUZ, RALPH CRUZ, JENNIFER DAVIS, JENNIFER DAVIS, JENNIFER DAVIS, JENNIFER DAVIS, JENNIFER DAVIS, JENNIFER DAVIS, JENNIFER DAVI",Trailers
5,934.20,"LONELY ELEPHANT",Comedy,G,"A Intrepid Story of a Student And a Dog who must Challenge a Explorer in Soviet Georgia","VAL BOLGER, VAL BOLGER, VAL BOLGER, VAL BOLGER, VAL BOLGER, VAL BOLGER, VAL BOLGER, VAL BOLGER, VAL BOLGER, VAL BOLGER, VAL BOLGER, VAL BOLGER, VAL BOLGER, VAL BOLGER, VAL BOLGER, RIP CRAWFORD, RIP CRAWFORD, RIP CRAWFORD, RIP CRAWFORD, RIP CRAWFORD, RIP CRAWFORD, RIP CRAWFORD, RIP CRAWFORD, RIP CRAWFORD, RIP CRAWFORD, RIP CRAWFORD, RIP CRAWFORD, RIP CRAWFORD, RIP CRAWFORD, RIP CRAWFORD, CHARLIZE DENCH, CHARLIZE DENCH, CHARLIZE DENCH, CHARLIZE DENCH, CHARLIZE DENCH, CHARLIZE DENCH, CHARLIZE DENCH, CHARLIZE DENCH, CHARLIZE DENCH, CHARLIZE DENCH, CHARLIZE DENCH, CHARLIZE DENCH, CHARLIZE DENCH, CHARLIZE DENCH, CHARLIZE DENCH, ALAN DREYFUSS, ALAN DREYFUSS, ALAN DREYFUSS, ALAN DREYFUSS, ALAN DREYFUSS, ALAN DREYFUSS, ALAN DREYFUSS, ALAN DREYFUSS, ALAN DREYFUSS, ALAN DREYFUSS, ALAN DREYFUSS, ALAN DREYFUSS, ALAN DREYFUSS, ALAN DREYFUSS, ALAN DREYFUSS, ROCK DUKAKIS, ROCK DUKAKIS, ROCK DUKAKIS, ROCK DUKAKIS, ROCK DUKAKIS, ROCK DUKAKIS, ROCK DUKAKIS, ROCK DUKAKIS, ROCK DUKAKIS, ROCK DUKAKIS, ROCK DUKAKIS, ROCK DUKAKIS, R","Trailers,Commentaries,Deleted Scenes,Behind the Scenes"
6,763.12,"HUSTLER PARTY",Comedy,NC-17,"A Emotional Reflection of a Sumo Wrestler And a Monkey who must Conquer a Robot in The Sahara Desert","ANGELINA ASTAIRE, ANGELINA ASTAIRE, ANGELINA ASTAIRE, ANGELINA ASTAIRE, ANGELINA ASTAIRE, ANGELINA ASTAIRE, ANGELINA ASTAIRE, ANGELINA ASTAIRE, ANGELINA ASTAIRE, ANGELINA ASTAIRE, ANGELINA ASTAIRE, ANGELINA ASTAIRE, ANGELINA ASTAIRE, ANGELINA ASTAIRE, ANGELINA ASTAIRE, ANGELINA ASTAIRE, ANGELINA ASTAIRE, ANGELINA ASTAIRE, ANGELINA ASTAIRE, ANGELINA ASTAIRE, ANGELINA ASTAIRE, ANGELINA ASTAIRE, MINNIE KILMER, MINNIE KILMER, MINNIE KILMER, MINNIE KILMER, MINNIE KILMER, MINNIE KILMER, MINNIE KILMER, MINNIE KILMER, MINNIE KILMER, MINNIE KILMER, MINNIE KILMER, MINNIE KILMER, MINNIE KILMER, MINNIE KILMER, MINNIE KILMER, MINNIE KILMER, MINNIE KILMER, MINNIE KILMER, MINNIE KILMER, MINNIE KILMER, MINNIE KILMER, MINNIE KILMER, ALEC WAYNE, ALEC WAYNE, ALEC WAYNE, ALEC WAYNE, ALEC WAYNE, ALEC WAYNE, ALEC WAYNE, ALEC WAYNE, ALEC WAYNE, ALEC WAYNE, ALEC WAYNE, ALEC WAYNE, ALEC WAYNE, ALEC WAYNE, ALEC WAYNE, ALEC WAYNE, ALEC WAYNE, ALEC WAYNE, ALEC WAYNE, ALEC WAYNE, ALEC WAYNE, ALEC WAYNE, CHRISTOPHER WEST, CHRISTOPHER WEST","Trailers,Commentaries,Behind the Scenes"
7,726.80,"CAT CONEHEADS",Comedy,G,"A Fast-Paced Panorama of a Girl And a A Shark who must Confront a Boy in Ancient India","RENEE BALL, RENEE BALL, RENEE BALL, RENEE BALL, RENEE BALL, RENEE BALL, RENEE BALL, RENEE BALL, RENEE BALL, RENEE BALL, RENEE BALL, RENEE BALL, RENEE BALL, RENEE BALL, RENEE BALL, RENEE BALL, RENEE BALL, RENEE BALL, RENEE BALL, RENEE BALL, RENEE BALL, RENEE BALL, RENEE BALL, RENEE BALL, RENEE BALL, RENEE BALL, RENEE BALL, RENEE BALL, RENEE BALL, RENEE BALL, LAURA BRODY, LAURA BRODY, LAURA BRODY, LAURA BRODY, LAURA BRODY, LAURA BRODY, LAURA BRODY, LAURA BRODY, LAURA BRODY, LAURA BRODY, LAURA BRODY, LAURA BRODY, LAURA BRODY, LAURA BRODY, LAURA BRODY, LAURA BRODY, LAURA BRODY, LAURA BRODY, LAURA BRODY, LAURA BRODY, LAURA BRODY, LAURA BRODY, LAURA BRODY, LAURA BRODY, LAURA BRODY, LAURA BRODY, LAURA BRODY, LAURA BRODY, LAURA BRODY, LAURA BRODY, HELEN VOIGHT, HELEN VOIGHT, HELEN VOIGHT, HELEN VOIGHT, HELEN VOIGHT, HELEN VOIGHT, HELEN VOIGHT, HELEN VOIGHT, HELEN VOIGHT, HELEN VOIGHT, HELEN VOIGHT, HELEN VOIGHT, HELEN VOIGHT, HELEN VOIGHT, HELEN VOIGHT, HELEN VOIGHT, HELEN VOIGHT, HELEN VOIGHT, HELEN VOIGHT, HELEN VO","Commentaries,Deleted Scenes"
8,719.74,"GROUNDHOG UNCUT",Comedy,PG-13,"A Brilliant Panorama of a Astronaut And a Technical Writer who must Discover a Butler in A Manhattan Penthouse","JULIA BARRYMORE, JULIA BARRYMORE, JULIA BARRYMORE, JULIA BARRYMORE, JULIA BARRYMORE, JULIA BARRYMORE, JULIA BARRYMORE, JULIA BARRYMORE, JULIA BARRYMORE, JULIA BARRYMORE, JULIA BARRYMORE, JULIA BARRYMORE, JULIA BARRYMORE, JULIA BARRYMORE, JULIA BARRYMORE, JULIA BARRYMORE, JULIA BARRYMORE, JULIA BARRYMORE, ADAM GRANT, ADAM GRANT, ADAM GRANT, ADAM GRANT, ADAM GRANT, ADAM GRANT, ADAM GRANT, ADAM GRANT, ADAM GRANT, ADAM GRANT, ADAM GRANT, ADAM GRANT, ADAM GRANT, ADAM GRANT, ADAM GRANT, ADAM GRANT, ADAM GRANT, ADAM GRANT, SEAN GUINESS, SEAN GUINESS, SEAN GUINESS, SEAN GUINESS, SEAN GUINESS, SEAN GUINESS, SEAN GUINESS, SEAN GUINESS, SEAN GUINESS, SEAN GUINESS, SEAN GUINESS, SEAN GUINESS, SEAN GUINESS, SEAN GUINESS, SEAN GUINESS, SEAN GUINESS, SEAN GUINESS, SEAN GUINESS, JAYNE NEESON, JAYNE NEESON, JAYNE NEESON, JAYNE NEESON, JAYNE NEESON, JAYNE NEESON, JAYNE NEESON, JAYNE NEESON, JAYNE NEESON, JAYNE NEESON, JAYNE NEESON, JAYNE NEESON, JAYNE NEESON, JAYNE NEESON, JAYNE NEESON, JAYNE NEESON, JAYNE NEESON, JAYNE NEESON","Trailers,Commentaries,Deleted Scenes,Behind the Scenes"
9,700.56,"KNOCK WARLOCK",Comedy,PG-13,"A Unbelieveable Story of a Teacher And a Boat who must Confront a Moose in A Baloon","JUDE CRUISE, JUDE CRUISE, JUDE CRUISE, JUDE CRUISE, JUDE CRUISE, JUDE CRUISE, JUDE CRUISE, JUDE CRUISE, JUDE CRUISE, JUDE CRUISE, JUDE CRUISE, JUDE CRUISE, JUDE CRUISE, JUDE CRUISE, JUDE CRUISE, JUDE CRUISE, JUDE CRUISE, JUDE CRUISE, JUDE CRUISE, JUDE CRUISE, JUDE CRUISE, JUDE CRUISE, JUDE CRUISE, JUDE CRUISE, WOODY HOFFMAN, WOODY HOFFMAN, WOODY HOFFMAN, WOODY HOFFMAN, WOODY HOFFMAN, WOODY HOFFMAN, WOODY HOFFMAN, WOODY HOFFMAN, WOODY HOFFMAN, WOODY HOFFMAN, WOODY HOFFMAN, WOODY HOFFMAN, WOODY HOFFMAN, WOODY HOFFMAN, WOODY HOFFMAN, WOODY HOFFMAN, WOODY HOFFMAN, WOODY HOFFMAN, WOODY HOFFMAN, WOODY HOFFMAN, WOODY HOFFMAN, WOODY HOFFMAN, WOODY HOFFMAN, WOODY HOFFMAN, REESE KILMER, REESE KILMER, REESE KILMER, REESE KILMER, REESE KILMER, REESE KILMER, REESE KILMER, REESE KILMER, REESE KILMER, REESE KILMER, REESE KILMER, REESE KILMER, REESE KILMER, REESE KILMER, REESE KILMER, REESE KILMER, REESE KILMER, REESE KILMER, REESE KILMER, REESE KILMER, REESE KILMER, REESE KILMER, REESE KILMER, REESE KILMER, TOM MIRANDA, TOM",Trailers
10,644.07,"ZORRO ARK",Comedy,NC-17,"A Intrepid Panorama of a Mad Scientist And a Boy who must Redeem a Boy in A Monastery","NICK DEGENERES, NICK DEGENERES, NICK DEGENERES, NICK DEGENERES, NICK DEGENERES, NICK DEGENERES, NICK DEGENERES, NICK DEGENERES, NICK DEGENERES, NICK DEGENERES, NICK DEGENERES, NICK DEGENERES, NICK DEGENERES, NICK DEGENERES, NICK DEGENERES, NICK DEGENERES, NICK DEGENERES, NICK DEGENERES, NICK DEGENERES, NICK DEGENERES, NICK DEGENERES, NICK DEGENERES, NICK DEGENERES, NICK DEGENERES, NICK DEGENERES, NICK DEGENERES, NICK DEGENERES, NICK DEGENERES, NICK DEGENERES, NICK DEGENERES, NICK DEGENERES, LISA MONROE, LISA MONROE, LISA MONROE, LISA MONROE, LISA MONROE, LISA MONROE, LISA MONROE, LISA MONROE, LISA MONROE, LISA MONROE, LISA MONROE, LISA MONROE, LISA MONROE, LISA MONROE, LISA MONROE, LISA MONROE, LISA MONROE, LISA MONROE, LISA MONROE, LISA MONROE, LISA MONROE, LISA MONROE, LISA MONROE, LISA MONROE, LISA MONROE, LISA MONROE, LISA MONROE, LISA MONROE, LISA MONROE, LISA MONROE, LISA MONROE, IAN TANDY, IAN TANDY, IAN TANDY, IAN TANDY, IAN TANDY, IAN TANDY, IAN TANDY, IAN TANDY, IAN TANDY, IAN TANDY, IAN TANDY, IAN ","Trailers,Commentaries,Behind the Scenes"
